> SET CLUSTER SETTING ts.dedup.rule = 'override';
SET CLUSTER SETTING
> create ts database test_dedup_function;
CREATE TS DATABASE
> create table test_dedup_function.tb(k_timestamp timestamptz not null,e1 timestamptz,e2 int2,e3 int,e4 int8,e5 float4,e6 float8,e7 bool,e8 char,e9 char(100),e10 nchar,e11 nchar(255),e12 char(200),e13 char(255),e14 char(100),e15 nchar(100),e16 nchar(255),e17 nchar(255),e18 varbytes,e19 varbytes(100),e20 varbytes(200),e21 varbytes(254),e22 varbytes(200)) tags (t1 int2 not null) primary tags(t1);
CREATE TABLE
> insert into test_dedup_function.tb values ('2021-04-01 15:00:00','2019-12-06 18:10:23',100,3000,40000,600000.60612,4000000.4040404,false,' ',' ',' ',' ',' ',' ',' ',null,'','','','','','',null,
                                           2);
INSERT 1
> insert into test_dedup_function.tb values ('2022-05-01 17:00:00','2020-05-01 17:00:00',500,5000,60000,500000.505555,5000000.505055,false,'c','test测试！！！@TEST1 ','n','类型测试1()*  ','test！@TEST1  ','\','255测试1cdf~# ','@TEST1  ','abc255测试1()&^%{}','deg4096测试1(','b','查询1023_2','tes_测试1',b'\xaa\xbb\xcc',b'\xaa\xaa\xbb\xbb',
                                           3);
INSERT 1
> insert into test_dedup_function.tb values ('2021-04-01 15:00:00','2021-05-01 17:00:00',1000,10000,120000,1000000.505555,10000000.505055,true,'z','测试！！！@TEST1 ','n','类型测试1()*  ','test！@TEST1  ','\','255测试1cdf~# ','@TEST1  ','abc255测试1()&^%{}','deg4096测试1(','b','查询1023_2','tes_测试1',b'\xbb\xcc\xcc',b'\xaa\xcc\xcc\xbb',
                                           2);
INSERT 1
> insert into test_dedup_function.tb values ('2022-05-01 17:00:00','2020-12-06 18:10:23',200,6000,80000,1200000.60612,8000000.4040404,true,' ',' ',' ',' ',' ',' ',' ',null,'','','','','','',null,
                                           3);
INSERT 1
> select count(*) from test_dedup_function.tb;
  count
---------
      2
(1 row)
> select * from test_dedup_function.tb order by k_timestamp;
         k_timestamp        |            e1             |  e2  |  e3   |   e4   |       e5        |         e6          |  e7  | e8 |        e9         | e10 |      e11       |      e12       | e13 |      e14       |   e15    |        e16         |      e17      | e18  |            e19             |           e20            |   e21    |    e22     | t1
----------------------------+---------------------------+------+-------+--------+-----------------+---------------------+------+----+-------------------+-----+----------------+----------------+-----+----------------+----------+--------------------+---------------+------+----------------------------+--------------------------+----------+------------+-----
  2021-04-01 15:00:00+00:00 | 2021-05-01 17:00:00+00:00 | 1000 | 10000 | 120000 | 1.0000005e+06   | 1.0000000505055e+07 | true | z  | 测试！！！@TEST1  | n   | 类型测试1()*   | test！@TEST1   | \   | 255测试1cdf~#  | @TEST1   | abc255测试1()&^%{} | deg4096测试1( | \x62 | \xe69fa5e8afa2313032335f32 | \x7465735fe6b58be8af9531 | \xbbcccc | \xaaccccbb |  2
  2022-05-01 17:00:00+00:00 | 2020-12-06 18:10:23+00:00 |  200 |  6000 |  80000 | 1.200000625e+06 | 8.0000004040404e+06 | true |    |                   |     |                |                |     |                | NULL     |                    |               | \x   | \x                         | \x                       | \x       | NULL       |  3
(2 rows)
> drop database test_dedup_function cascade;
DROP DATABASE
> SET CLUSTER SETTING ts.dedup.rule = 'merge';
SET CLUSTER SETTING
> create ts database test_dedup_function;
CREATE TS DATABASE
> create table test_dedup_function.tb(k_timestamp timestamptz not null,e1 timestamptz,e2 int2,e3 int,e4 int8,e5 float4,e6 float8,e7 bool,e8 char,e9 char(100),e10 nchar,e11 nchar(255),e12 varchar(200),e13 varchar(255),e14 char(100),e15 nchar(100),e16 nchar(255),e17 nchar(255),e18 varbytes,e19 varbytes(100),e20 varbytes(200),e21 varbytes(254),e22 varbytes(200)) tags (t1 int2 not null) primary tags(t1);
CREATE TABLE
> insert into test_dedup_function.tb values ('2021-04-01 15:00:00','2019-12-06 18:10:23',100,3000,40000,600000.60612,4000000.4040404,false,' ',' ',' ',' ',' ',' ',' ',null,'','','','','','',null,
                                           2);
INSERT 1
> insert into test_dedup_function.tb values ('2022-05-01 17:00:00','2020-05-01 17:00:00',500,5000,60000,500000.505555,5000000.505055,false,'c','test测试！！！@TEST1 ','n','类型测试1()*  ','test！@TEST1  ','\','255测试1cdf~# ','@TEST1  ','abc255测试1()&^%{}','deg4096测试1(','b','查询1023_2','tes_测试1',b'\xaa\xbb\xcc',b'\xaa\xaa\xbb\xbb',
                                           3);
INSERT 1
> insert into test_dedup_function.tb values ('2023-05-10 09:04:18.223','2021-05-10 09:04:18.223',600,6000,60000,600000.666,666660.101011,true,'r', 'a r3', 'a', 'r255测试1(){}','varchar  中文1', null, 'hof4096查询test%%&!   ',null, 'ar255{}', 'ar4096测试1%{}','e','es1023_0', null, b'\xbb\xee\xff', null,
                                            5);
INSERT 1
> insert into test_dedup_function.tb values ('2021-04-01 15:00:00','2019-12-06 18:10:23',null,null,null,null,null,null,null,null,null,null,null,null,null,null,null,null,null,null,null,null,null,
                                           2);
INSERT 1
> insert into test_dedup_function.tb values ('2022-05-01 17:00:00','2020-05-01 17:00:00',null,null,null,null,null,null,null,null,null,null,null,null,null,null,null,null,null,null,null,null,null,
                                           3);
INSERT 1
> insert into test_dedup_function.tb values ('2023-05-10 09:04:18.223','2020-12-06 18:10:23',200,6000,80000,1200000.60612,8000000.4040404,true,' ',' ',' ',' ',' ',' ',' ',null,' ',' ',' ',' ',' ',' ',null,
                                           5);
INSERT 1
> select count(*) from test_dedup_function.tb;
  count
---------
      3
(1 row)
> select * from test_dedup_function.tb order by k_timestamp;
           k_timestamp          |            e1             | e2  |  e3  |  e4   |       e5        |         e6          |  e7   | e8 |          e9           | e10 |      e11       |      e12       | e13 |      e14       |   e15    |        e16         |      e17      | e18  |            e19             |           e20            |   e21    |    e22     | t1
--------------------------------+---------------------------+-----+------+-------+-----------------+---------------------+-------+----+-----------------------+-----+----------------+----------------+-----+----------------+----------+--------------------+---------------+------+----------------------------+--------------------------+----------+------------+-----
  2021-04-01 15:00:00+00:00     | 2019-12-06 18:10:23+00:00 | 100 | 3000 | 40000 |      600000.625 | 4.0000004040404e+06 | false |    |                       |     |                |                |     |                | NULL     |                    |               | \x   | \x                         | \x                       | \x       | NULL       |  2
  2022-05-01 17:00:00+00:00     | 2020-05-01 17:00:00+00:00 | 500 | 5000 | 60000 |        500000.5 | 5.000000505055e+06  | false | c  | test测试！！！@TEST1  | n   | 类型测试1()*   | test！@TEST1   | \   | 255测试1cdf~#  | @TEST1   | abc255测试1()&^%{} | deg4096测试1( | \x62 | \xe69fa5e8afa2313032335f32 | \x7465735fe6b58be8af9531 | \xaabbcc | \xaaaabbbb |  3
  2023-05-10 09:04:18.223+00:00 | 2020-12-06 18:10:23+00:00 | 200 | 6000 | 80000 | 1.200000625e+06 | 8.0000004040404e+06 | true  |    |                       |     |                |                |     |                | NULL     |                    |               | \x20 | \x20                       | \x20                     | \x20     | NULL       |  5
(3 rows)
> drop database test_dedup_function cascade;
DROP DATABASE
> SET CLUSTER SETTING ts.dedup.rule = 'keep';
SET CLUSTER SETTING
> create ts database test_dedup_function;
CREATE TS DATABASE
> create table test_dedup_function.tb(k_timestamp timestamptz not null,e1 timestamptz,e2 int2,e3 int,e4 int8,e5 float4,e6 float8,e7 bool,e8 char,e9 char(100),e10 nchar,e11 nchar(255),e12 char(200),e13 char(255),e14 char(100),e15 nchar(100),e16 nchar(255),e17 nchar(255),e18 varbytes,e19 varbytes(100),e20 varbytes(200),e21 varbytes(254),e22 varbytes(200)) tags (t1 int2 not null) primary tags(t1);
CREATE TABLE
> insert into test_dedup_function.tb values ('2021-04-01 15:00:00','2019-12-06 18:10:23',100,3000,40000,600000.60612,4000000.4040404,false,' ',' ',' ',' ',' ',' ',' ',null,'','','','','','',null,
                                           2);
INSERT 1
> insert into test_dedup_function.tb values ('2022-05-01 17:00:00','2020-05-01 17:00:00',500,5000,60000,500000.505555,5000000.505055,false,'c','test测试！！！@TEST1 ','n','类型测试1()*  ','test！@TEST1  ','\','255测试1cdf~# ','@TEST1  ','abc255测试1()&^%{}','deg4096测试1(','b','查询1023_2','tes_测试1',b'\xaa\xbb\xcc',b'\xaa\xaa\xbb\xbb',
                                           3);
INSERT 1
> insert into test_dedup_function.tb values ('2021-04-01 15:00:00','2021-05-01 17:00:00',1000,10000,120000,1000000.505555,10000000.505055,true,'z','测试！！！@TEST1 ','n','类型测试1()*  ','test！@TEST1  ','\','255测试1cdf~# ','@TEST1  ','abc255测试1()&^%{}','deg4096测试1(','b','查询1023_2','tes_测试1',b'\xbb\xcc\xcc',b'\xaa\xcc\xcc\xbb',
                                           2);
INSERT 1
> insert into test_dedup_function.tb values ('2022-05-01 17:00:00','2020-12-06 18:10:23',200,6000,80000,1200000.60612,8000000.4040404,true,' ',' ',' ',' ',' ',' ',' ',null,'','','','','','',null,
                                           3);
INSERT 1
> select count(*) from test_dedup_function.tb;
  count
---------
      4
(1 row)
> select * from test_dedup_function.tb order by k_timestamp;
         k_timestamp        |            e1             |  e2  |  e3   |   e4   |       e5        |         e6          |  e7   | e8 |          e9           | e10 |      e11       |      e12       | e13 |      e14       |   e15    |        e16         |      e17      | e18  |            e19             |           e20            |   e21    |    e22     | t1
----------------------------+---------------------------+------+-------+--------+-----------------+---------------------+-------+----+-----------------------+-----+----------------+----------------+-----+----------------+----------+--------------------+---------------+------+----------------------------+--------------------------+----------+------------+-----
  2021-04-01 15:00:00+00:00 | 2019-12-06 18:10:23+00:00 |  100 |  3000 |  40000 |      600000.625 | 4.0000004040404e+06 | false |    |                       |     |                |                |     |                | NULL     |                    |               | \x   | \x                         | \x                       | \x       | NULL       |  2
  2021-04-01 15:00:00+00:00 | 2021-05-01 17:00:00+00:00 | 1000 | 10000 | 120000 | 1.0000005e+06   | 1.0000000505055e+07 | true  | z  | 测试！！！@TEST1      | n   | 类型测试1()*   | test！@TEST1   | \   | 255测试1cdf~#  | @TEST1   | abc255测试1()&^%{} | deg4096测试1( | \x62 | \xe69fa5e8afa2313032335f32 | \x7465735fe6b58be8af9531 | \xbbcccc | \xaaccccbb |  2
  2022-05-01 17:00:00+00:00 | 2020-05-01 17:00:00+00:00 |  500 |  5000 |  60000 |        500000.5 | 5.000000505055e+06  | false | c  | test测试！！！@TEST1  | n   | 类型测试1()*   | test！@TEST1   | \   | 255测试1cdf~#  | @TEST1   | abc255测试1()&^%{} | deg4096测试1( | \x62 | \xe69fa5e8afa2313032335f32 | \x7465735fe6b58be8af9531 | \xaabbcc | \xaaaabbbb |  3
  2022-05-01 17:00:00+00:00 | 2020-12-06 18:10:23+00:00 |  200 |  6000 |  80000 | 1.200000625e+06 | 8.0000004040404e+06 | true  |    |                       |     |                |                |     |                | NULL     |                    |               | \x   | \x                         | \x                       | \x       | NULL       |  3
(4 rows)
> drop database test_dedup_function cascade;
DROP DATABASE
> SET CLUSTER SETTING ts.dedup.rule = 'discard';
SET CLUSTER SETTING
> create ts database test_dedup_function;
CREATE TS DATABASE
> create table test_dedup_function.tb(k_timestamp timestamptz not null,e1 timestamptz,e2 int2,e3 int,e4 int8,e5 float4,e6 float8,e7 bool,e8 char,e9 char(100),e10 nchar,e11 nchar(255),e12 char(200),e13 char(255),e14 char(100),e15 nchar(100),e16 nchar(255),e17 nchar(255),e18 varbytes,e19 varbytes(100),e20 varbytes(200),e21 varbytes(254),e22 varbytes(200)) tags (t1 int2 not null) primary tags(t1);
CREATE TABLE
> insert into test_dedup_function.tb values ('2021-04-01 15:00:00','2019-12-06 18:10:23',100,3000,40000,600000.60612,4000000.4040404,false,' ',' ',' ',' ',' ',' ',' ',null,'','','','','','',null,
                                           2);
INSERT 1
> insert into test_dedup_function.tb values ('2022-05-01 17:00:00','2020-05-01 17:00:00',500,5000,60000,500000.505555,5000000.505055,false,'c','test测试！！！@TEST1 ','n','类型测试1()*  ','test！@TEST1  ','\','255测试1cdf~# ','@TEST1  ','abc255测试1()&^%{}','deg4096测试1(','b','查询1023_2','tes_测试1',b'\xaa\xbb\xcc',b'\xaa\xaa\xbb\xbb',
                                           3);
INSERT 1
> insert into test_dedup_function.tb values ('2021-04-01 15:00:00','2021-05-01 17:00:00',1000,10000,120000,1000000.505555,10000000.505055,true,'z','测试！！！@TEST1 ','n','类型测试1()*  ','test！@TEST1  ','\','255测试1cdf~# ','@TEST1  ','abc255测试1()&^%{}','deg4096测试1(','b','查询1023_2','tes_测试1',b'\xbb\xcc\xcc',b'\xaa\xcc\xcc\xbb',
                                           2);
NOTICE:  1 rows discarded
Details: 1 rows discarded due to duplicate data. Check logs under the user data directory for more information.
INSERT 0
> insert into test_dedup_function.tb values ('2022-05-01 17:00:00','2020-12-06 18:10:23',200,6000,80000,1200000.60612,8000000.4040404,true,' ',' ',' ',' ',' ',' ',' ',null,'','','','','','',null,
                                           3);
NOTICE:  1 rows discarded
Details: 1 rows discarded due to duplicate data. Check logs under the user data directory for more information.
INSERT 0
> select count(*) from test_dedup_function.tb;
  count
---------
      2
(1 row)
> select * from test_dedup_function.tb order by k_timestamp;
         k_timestamp        |            e1             | e2  |  e3  |  e4   |     e5     |         e6          |  e7   | e8 |          e9           | e10 |      e11       |      e12       | e13 |      e14       |   e15    |        e16         |      e17      | e18  |            e19             |           e20            |   e21    |    e22     | t1
----------------------------+---------------------------+-----+------+-------+------------+---------------------+-------+----+-----------------------+-----+----------------+----------------+-----+----------------+----------+--------------------+---------------+------+----------------------------+--------------------------+----------+------------+-----
  2021-04-01 15:00:00+00:00 | 2019-12-06 18:10:23+00:00 | 100 | 3000 | 40000 | 600000.625 | 4.0000004040404e+06 | false |    |                       |     |                |                |     |                | NULL     |                    |               | \x   | \x                         | \x                       | \x       | NULL       |  2
  2022-05-01 17:00:00+00:00 | 2020-05-01 17:00:00+00:00 | 500 | 5000 | 60000 |   500000.5 | 5.000000505055e+06  | false | c  | test测试！！！@TEST1  | n   | 类型测试1()*   | test！@TEST1   | \   | 255测试1cdf~#  | @TEST1   | abc255测试1()&^%{} | deg4096测试1( | \x62 | \xe69fa5e8afa2313032335f32 | \x7465735fe6b58be8af9531 | \xaabbcc | \xaaaabbbb |  3
(2 rows)
> drop database test_dedup_function cascade;
DROP DATABASE
> SET CLUSTER SETTING ts.dedup.rule = 'discard';
SET CLUSTER SETTING
> create ts database test_dedup_function;
CREATE TS DATABASE
> create table test_dedup_function.tb(k_timestamp timestamptz not null,e1 timestamptz,e2 int2,e3 int,e4 int8,e5 float4,e6 float8,e7 bool,e8 char,e9 char(100),e10 nchar,e11 nchar(255),e12 char(200),e13 char(255),e14 char(100),e15 nchar(100),e16 nchar(255),e17 nchar(255),e18 varbytes,e19 varbytes(100),e20 varbytes(200),e21 varbytes(254),e22 varbytes(200)) tags (t1 int2 not null) primary tags(t1);
CREATE TABLE
> insert into test_dedup_function.tb values ('2021-04-01 15:00:00','2019-12-06 18:10:23',100,3000,40000,600000.60612,4000000.4040404,false,' ',' ',' ',' ',' ',' ',' ',null,'','','','','','',null, 2);
INSERT 1
> insert into test_dedup_function.tb values ('2021-04-01 17:00:00','2019-12-06 18:10:23',100,3000,40000,600000.60612,4000000.4040404,false,' ',' ',' ',' ',' ',' ',' ',null,'','','','','','',null, 2);
INSERT 1
> insert into test_dedup_function.tb values ('2021-04-01 16:00:00','2019-12-06 18:10:23',100,3000,40000,600000.60612,4000000.4040404,false,' ',' ',' ',' ',' ',' ',' ',null,'','','','','','',null, 2);
INSERT 1
> select count(*) from test_dedup_function.tb;
  count
---------
      3
(1 row)
> select * from test_dedup_function.tb order by k_timestamp;
         k_timestamp        |            e1             | e2  |  e3  |  e4   |     e5     |         e6          |  e7   | e8 | e9 | e10 | e11 | e12 | e13 | e14 | e15  | e16 | e17 | e18 | e19 | e20 | e21 | e22  | t1
----------------------------+---------------------------+-----+------+-------+------------+---------------------+-------+----+----+-----+-----+-----+-----+-----+------+-----+-----+-----+-----+-----+-----+------+-----
  2021-04-01 15:00:00+00:00 | 2019-12-06 18:10:23+00:00 | 100 | 3000 | 40000 | 600000.625 | 4.0000004040404e+06 | false |    |    |     |     |     |     |     | NULL |     |     | \x  | \x  | \x  | \x  | NULL |  2
  2021-04-01 16:00:00+00:00 | 2019-12-06 18:10:23+00:00 | 100 | 3000 | 40000 | 600000.625 | 4.0000004040404e+06 | false |    |    |     |     |     |     |     | NULL |     |     | \x  | \x  | \x  | \x  | NULL |  2
  2021-04-01 17:00:00+00:00 | 2019-12-06 18:10:23+00:00 | 100 | 3000 | 40000 | 600000.625 | 4.0000004040404e+06 | false |    |    |     |     |     |     |     | NULL |     |     | \x  | \x  | \x  | \x  | NULL |  2
(3 rows)
> drop database test_dedup_function cascade;
DROP DATABASE
> SET CLUSTER SETTING ts.dedup.rule = 'override';
SET CLUSTER SETTING
> create ts database test_dedup_function;
CREATE TS DATABASE
> create table test_dedup_function.tb(ts timestamp not null, e1 int, e2 float not null, e3 bool, e4 int8, e5 char(10) not null, e6 nchar(10),
                       e7 char(10), e8 char(10) not null) attributes (tag1 int not null) primary tags(tag1);
CREATE TABLE
> CREATE TABLE test_dedup_function.var_tb(k_timestamp TIMESTAMP NOT NULL,e1 VARCHAR,e2 VARCHAR(60),e3 VARCHAR(60)) attributes (tag1 int not null) primary tags(tag1);
CREATE TABLE
> insert into test_dedup_function.tb values('2023-8-23 12:13:14', 1, 2.2, true, 4, 'a','five', 'six', 'seven', 1),  ('2023-8-23 12:13:14', 2, 4.4, false, 8, 'a','six', 'seven', 'eight', 1),  ('2023-8-23 12:13:14', 4, 8.8, true, 16, 'a','seven', 'eight', 'nine', 1);
INSERT 3
> INSERT INTO test_dedup_function.var_tb VALUES('2023-8-23 12:13:14','中国','重Abx1827*()!-《》！aa','重Abx1827*()!-《》！aa20', 6),  ('2023-8-23 12:13:14','山东','重Bcx1879*()!-《》！aa','重Bcx1879*()!-《》！bb20', 6), ('2023-8-23 12:13:14','济南','轻Bcx1879*()!-《》！aa','中Bcx1879*()!-《》！bb20', 6);
INSERT 3
> select count(*) from test_dedup_function.tb;
  count
---------
      1
(1 row)
> select * from test_dedup_function.tb order by ts;
             ts             | e1 | e2  |  e3  | e4 | e5 |  e6   |  e7   |  e8  | tag1
----------------------------+----+-----+------+----+----+-------+-------+------+-------
  2023-08-23 12:13:14+00:00 |  4 | 8.8 | true | 16 | a  | seven | eight | nine |    1
(1 row)
> select count(*) from test_dedup_function.var_tb;
  count
---------
      1
(1 row)
> select * from test_dedup_function.var_tb order by k_timestamp;
         k_timestamp        |  e1  |           e2           |            e3            | tag1
----------------------------+------+------------------------+--------------------------+-------
  2023-08-23 12:13:14+00:00 | 济南 | 轻Bcx1879*()!-《》！aa | 中Bcx1879*()!-《》！bb20 |    6
(1 row)
> drop database test_dedup_function cascade;
DROP DATABASE
> set cluster setting ts.dedup.rule='merge';
SET CLUSTER SETTING
> CREATE TS DATABASE test_dedup;
CREATE TS DATABASE
> create table test_dedup.ds_tb(k_timestamp timestamptz not null, e1 int2 not null, e2 int, e3 int8 not null, e4 float4, e5 float8 not null, e6 bool, e7 timestamptz not null, e8 char(1023), e9 nchar(255) not null, e10 nchar(200), e11 char not null, e12 nchar(200), e13 nchar not null, e14 nchar(200), e15 nchar(200) not null, e16 varbytes(200), e17 nchar(200) not null, e18 nchar(200),e19 varbytes not null, e20 varbytes(1023), e21 varbytes(200) not null, e22 varbytes(200), e23 varchar not null, e24 varchar(20) ) ATTRIBUTES (code1 int2 not null,code2 int,code3 int8,flag BOOL not null,val1 float4,val2 float8,location nchar(200),color nchar(200) not null,name varbytes,state varbytes(1023),tall varbytes(200),screen varbytes(200),age CHAR,sex CHAR(1023),year NCHAR,type NCHAR(254)) primary tags(code1,flag,color);
CREATE TABLE
> INSERT INTO test_dedup.ds_tb values('2023-12-12 12:00:00.000+00:00',1,null,1000,null,100.0,null,'2020-1-7 12:00:00.000',null,'test时间精度通用查询测试,！！！@TEST1',null,'t',null,'中',null,'test时间精度通用查询测试,！！！@TEST1',null,'test时间精度通用查询测试,！！！@TEST1',null,b'\xaa',null,'test时间精度通用查询测试',null, 'varchar类型测试',null,1, 2, 3, false, 1.1, 1.2,'a', 'red', 'T','China', 'a', 'b', '1', '女', '1', 'pria');
INSERT 1
> INSERT INTO test_dedup.ds_tb values('2023-12-12 12:00:00.000+00:00',2,null,1000,null,100.0,null,'2020-1-7 12:00:00.000',null,'test时间精度通用查询测试,！！！@TEST1',null,'t',null,'中',null,'test时间精度通用查询测试,！！！@TEST1',null,'test时间精度通用查询测试,！！！@TEST1',null,b'\xaa',null,'test时间精度通用查询测试',null, 'varchar类型测试',null,1, 2, 3, false, 1.1, 1.2,'a', 'red', 'T','China', 'a', 'b', '1', '女', '1', 'pria');
INSERT 1
> INSERT INTO test_dedup.ds_tb values('2023-12-12 12:00:00.000+00:00',3,null,1000,null,100.0,null,'2020-1-7 12:00:00.000',null,'test时间精度通用查询测试,！！！@TEST1',null,'t',null,'中',null,'test时间精度通用查询测试,！！！@TEST1',null,'test时间精度通用查询测试,！！！@TEST1',null,b'\xaa',null,'test时间精度通用查询测试',null, 'varchar类型测试',null, 1, 2, 3, false, 1.1, 1.2,'a', 'red', 'T','China', 'a', 'b', '1', '女', '1', 'pria');
INSERT 1
> INSERT INTO test_dedup.ds_tb values('2023-12-12 12:10:00.000+00:00',4,null,1000,null,100.0,null,'2020-1-7 12:00:00.000',null,'test时间精度通用查询测试,！！！@TEST1',null,'t',null,'中',null,'test时间精度通用查询测试,！！！@TEST1',null,'test时间精度通用查询测试,！！！@TEST1',null,b'\xaa',null,'test时间精度通用查询测试',null,'varchar类型测试',null, 1, 2, 3, false, 1.1, 1.2,'a', 'red', 'T','China', 'a', 'b', '1', '女', '1', 'pria');
INSERT 1
> INSERT INTO test_dedup.ds_tb values('2023-12-12 12:11:00.000+00:00',5,null,1000,null,100.0,null,'2020-1-7 12:00:00.000',null,'test时间精度通用查询测试,！！！@TEST1',null,'t',null,'中',null,'test时间精度通用查询测试,！！！@TEST1',null,'test时间精度通用查询测试,！！！@TEST1',null,b'\xaa',null,'test时间精度通用查询测试',null,'varchar类型测试',null, 1, 2, 3, false, 1.1, 1.2,'a', 'red', 'T','China', 'a', 'b', '1', '女', '1', 'pria');
INSERT 1
> INSERT INTO test_dedup.ds_tb values('2023-12-12 12:12:00.000+00:00',6,null,1000,null,100.0,null,'2020-1-7 12:00:00.000',null,'test时间精度通用查询测试,！！！@TEST1',null,'t',null,'中',null,'test时间精度通用查询测试,！！！@TEST1',null,'test时间精度通用查询测试,！！！@TEST1',null,b'\xaa',null,'test时间精度通用查询测试',null,'varchar类型测试',null, 1, 2, 3, false, 1.1, 1.2,'a', 'red', 'T','China', 'a', 'b', '1', '女', '1', 'pria');
INSERT 1
> INSERT INTO test_dedup.ds_tb values('2023-12-12 12:12:05.000+00:00',7,null,1000,null,100.0,null,'2020-1-7 12:00:00.000',null,'test时间精度通用查询测试,！！！@TEST1',null,'t',null,'中',null,'test时间精度通用查询测试,！！！@TEST1',null,'test时间精度通用查询测试,！！！@TEST1',null,b'\xaa',null,'test时间精度通用查询测试',null,'varchar类型测试',null, 1, 2, 3, false, 1.1, 1.2,'a', 'red', 'T','China', 'a', 'b', '1', '女', '1', 'pria');
INSERT 1
> INSERT INTO test_dedup.ds_tb values('2023-12-12 12:12:12.000+00:00',8,null,1000,null,100.0,null,'2020-1-7 12:00:00.000',null,'test时间精度通用查询测试,！！！@TEST1',null,'t',null,'中',null,'test时间精度通用查询测试,！！！@TEST1',null,'test时间精度通用查询测试,！！！@TEST1',null,b'\xaa',null,'test时间精度通用查询测试',null,'varchar类型测试',null, 1, 2, 3, false, 1.1, 1.2,'a', 'red', 'T','China', 'a', 'b', '1', '女', '1', 'pria');
INSERT 1
> INSERT INTO test_dedup.ds_tb values('2023-12-12 12:13:00.000+00:00',9,null,1000,null,100.0,null,'2020-1-7 12:00:00.000',null,'test时间精度通用查询测试,！！！@TEST1',null,'t',null,'中',null,'test时间精度通用查询测试,！！！@TEST1',null,'test时间精度通用查询测试,！！！@TEST1',null,b'\xaa',null,'test时间精度通用查询测试',null,'varchar类型测试',null, 1, 2, 3, false, 1.1, 1.2,'a', 'red', 'T','China', 'a', 'b', '1', '女', '1', 'pria');
INSERT 1
> INSERT INTO test_dedup.ds_tb values('2023-12-12 12:13:00.000+00:00',10,null,1000,null,100.0,null,'2020-1-7 12:00:00.000',null,'test时间精度通用查询测试,！！！@TEST1',null,'t',null,'中',null,'test时间精度通用查询测试,！！！@TEST1',null,'test时间精度通用查询测试,！！！@TEST1',null,b'\xaa',null,'test时间精度通用查询测试',null,'varchar类型测试',null, 1, 2, 3, false, 1.1, 1.2,'a', 'red', 'T','China', 'a', 'b', '1', '女', '1', 'pria');
INSERT 1
> SELECT * FROM test_dedup.ds_tb order by k_timestamp,e2;
         k_timestamp        | e1 |  e2  |  e3  |  e4  | e5  |  e6  |            e7             |  e8  |                  e9                   | e10  | e11 | e12  | e13 | e14  |                  e15                  | e16  |                  e17                  | e18  | e19  | e20  |                                  e21                                   | e22  |       e23       | e24  | code1 | code2 | code3 | flag  | val1 | val2 | location | color | name |    state     | tall | screen | age | sex | year | type
----------------------------+----+------+------+------+-----+------+---------------------------+------+---------------------------------------+------+-----+------+-----+------+---------------------------------------+------+---------------------------------------+------+------+------+------------------------------------------------------------------------+------+-----------------+------+-------+-------+-------+-------+------+------+----------+-------+------+--------------+------+--------+-----+-----+------+-------
  2023-12-12 12:00:00+00:00 |  3 | NULL | 1000 | NULL | 100 | NULL | 2020-01-07 12:00:00+00:00 | NULL | test时间精度通用查询测试,！！！@TEST1 | NULL | t   | NULL | 中  | NULL | test时间精度通用查询测试,！！！@TEST1 | NULL | test时间精度通用查询测试,！！！@TEST1 | NULL | \xaa | NULL | \x74657374e697b6e997b4e7b2bee5baa6e9809ae794a8e69fa5e8afa2e6b58be8af95 | NULL | varchar类型测试 | NULL |     1 |     2 |     3 | false |  1.1 |  1.2 | a        | red   | \x54 | \x4368696e61 | \x61 | \x62   |   1 | 女  | 1    | pria
  2023-12-12 12:10:00+00:00 |  4 | NULL | 1000 | NULL | 100 | NULL | 2020-01-07 12:00:00+00:00 | NULL | test时间精度通用查询测试,！！！@TEST1 | NULL | t   | NULL | 中  | NULL | test时间精度通用查询测试,！！！@TEST1 | NULL | test时间精度通用查询测试,！！！@TEST1 | NULL | \xaa | NULL | \x74657374e697b6e997b4e7b2bee5baa6e9809ae794a8e69fa5e8afa2e6b58be8af95 | NULL | varchar类型测试 | NULL |     1 |     2 |     3 | false |  1.1 |  1.2 | a        | red   | \x54 | \x4368696e61 | \x61 | \x62   |   1 | 女  | 1    | pria
  2023-12-12 12:11:00+00:00 |  5 | NULL | 1000 | NULL | 100 | NULL | 2020-01-07 12:00:00+00:00 | NULL | test时间精度通用查询测试,！！！@TEST1 | NULL | t   | NULL | 中  | NULL | test时间精度通用查询测试,！！！@TEST1 | NULL | test时间精度通用查询测试,！！！@TEST1 | NULL | \xaa | NULL | \x74657374e697b6e997b4e7b2bee5baa6e9809ae794a8e69fa5e8afa2e6b58be8af95 | NULL | varchar类型测试 | NULL |     1 |     2 |     3 | false |  1.1 |  1.2 | a        | red   | \x54 | \x4368696e61 | \x61 | \x62   |   1 | 女  | 1    | pria
  2023-12-12 12:12:00+00:00 |  6 | NULL | 1000 | NULL | 100 | NULL | 2020-01-07 12:00:00+00:00 | NULL | test时间精度通用查询测试,！！！@TEST1 | NULL | t   | NULL | 中  | NULL | test时间精度通用查询测试,！！！@TEST1 | NULL | test时间精度通用查询测试,！！！@TEST1 | NULL | \xaa | NULL | \x74657374e697b6e997b4e7b2bee5baa6e9809ae794a8e69fa5e8afa2e6b58be8af95 | NULL | varchar类型测试 | NULL |     1 |     2 |     3 | false |  1.1 |  1.2 | a        | red   | \x54 | \x4368696e61 | \x61 | \x62   |   1 | 女  | 1    | pria
  2023-12-12 12:12:05+00:00 |  7 | NULL | 1000 | NULL | 100 | NULL | 2020-01-07 12:00:00+00:00 | NULL | test时间精度通用查询测试,！！！@TEST1 | NULL | t   | NULL | 中  | NULL | test时间精度通用查询测试,！！！@TEST1 | NULL | test时间精度通用查询测试,！！！@TEST1 | NULL | \xaa | NULL | \x74657374e697b6e997b4e7b2bee5baa6e9809ae794a8e69fa5e8afa2e6b58be8af95 | NULL | varchar类型测试 | NULL |     1 |     2 |     3 | false |  1.1 |  1.2 | a        | red   | \x54 | \x4368696e61 | \x61 | \x62   |   1 | 女  | 1    | pria
  2023-12-12 12:12:12+00:00 |  8 | NULL | 1000 | NULL | 100 | NULL | 2020-01-07 12:00:00+00:00 | NULL | test时间精度通用查询测试,！！！@TEST1 | NULL | t   | NULL | 中  | NULL | test时间精度通用查询测试,！！！@TEST1 | NULL | test时间精度通用查询测试,！！！@TEST1 | NULL | \xaa | NULL | \x74657374e697b6e997b4e7b2bee5baa6e9809ae794a8e69fa5e8afa2e6b58be8af95 | NULL | varchar类型测试 | NULL |     1 |     2 |     3 | false |  1.1 |  1.2 | a        | red   | \x54 | \x4368696e61 | \x61 | \x62   |   1 | 女  | 1    | pria
  2023-12-12 12:13:00+00:00 | 10 | NULL | 1000 | NULL | 100 | NULL | 2020-01-07 12:00:00+00:00 | NULL | test时间精度通用查询测试,！！！@TEST1 | NULL | t   | NULL | 中  | NULL | test时间精度通用查询测试,！！！@TEST1 | NULL | test时间精度通用查询测试,！！！@TEST1 | NULL | \xaa | NULL | \x74657374e697b6e997b4e7b2bee5baa6e9809ae794a8e69fa5e8afa2e6b58be8af95 | NULL | varchar类型测试 | NULL |     1 |     2 |     3 | false |  1.1 |  1.2 | a        | red   | \x54 | \x4368696e61 | \x61 | \x62   |   1 | 女  | 1    | pria
(7 rows)
> drop database test_dedup cascade;
DROP DATABASE
> set cluster setting ts.dedup.rule='override';
SET CLUSTER SETTING
> create ts database test_dedup;
CREATE TS DATABASE
> create table test_dedup.ds_tb(k_timestamp timestamptz not null, e1 int2 not null, e2 int, e3 int8 not null, e4 float4, e5 float8 not null, e6 bool, e7 timestamptz not null, e8 char(1023), e9 nchar(255) not null, e10 nchar(200), e11 char not null, e12 nchar(200), e13 nchar not null, e14 nchar(200), e15 nchar(200) not null, e16 varbytes, e17 nchar(200) not null, e18 nchar(200),e19 varbytes not null, e20 varbytes, e21 varbytes not null, e22 varbytes, e23 varchar not null, e24 nvarchar
) ATTRIBUTES (code1 int2 not null,code2 int,code3 int8,flag BOOL not null,val1 float4,val2 float8,location nchar(200),color nchar(200) not null,name varbytes,state varbytes,tall varbytes,screen varbytes,age CHAR,sex CHAR(1023),year NCHAR,type NCHAR(254)) primary tags(code1,flag,color);
CREATE TABLE
> INSERT INTO test_dedup.ds_tb values
('2023-12-12 12:00:00.000+00:00',1,1000000,1000,6000.0000,100.0,true,'2020-1-7 12:00:00.000','test时间精度通用查询测试！！！@TEST1','test时间精度通用查询测试！！！@TEST1','test时间精度通用查询测试！！！@TEST1','t','test时间精度通用查询测试！！！@TEST1','中','test时间精度通用查询测试！！！@TEST1','test时间精度通用查询测试！！！@TEST1','test时间精度通用查询测试！TEST1xaa','test时间精度通用查询测试！！！@TEST1','test时间精度通用查询测试！！！@TEST1',b'\xaa','test时间精度通用查询测试','test时间精度通用查询测试','test时间精度通用查询测试', '测试test11111', '测试变长123', 1, 2, 3, false, 1.1, 1.2,'a', 'red', 'T','China', 'a', 'b', '1', '女', '1', 'pria'),
('2023-12-12 12:00:00.000+00:00',1,1000000,1000,6000.0000,100.0,true,'2020-1-7 12:00:00.000','test时间精度通用查询测试！！！@TEST1','test时间精度通用查询测试！！！@TEST1','test时间精度通用查询测试！！！@TEST1','t','test时间精度通用查询测试！！！@TEST1','中','test时间精度通用查询测试！！！@TEST1','test时间精度通用查询测试！！！@TEST1','test时间精度通用查询测试！TEST1xaa','test时间精度通用查询测试！！！@TEST1','test时间精度通用查询测试！！！@TEST1',b'\xaa','test时间精度通用查询测试','test时间精度通用查询测试','test时间精度通用查询测试', '测试test11111', '测试变长123', 1, 2, 3, false, 1.1, 1.2,'a', 'red', 'T','China', 'a', 'b', '1', '女', '1', 'pria'),
('1970-01-01 00:00:00.000+00:00',1,1000000,1000,6000.0000,100.0,true,'2020-1-7 12:00:00.000','test时间精度通用查询测试！！！@TEST1','test时间精度通用查询测试！！！@TEST1','test时间精度通用查询测试！！！@TEST1','t','test时间精度通用查询测试！！！@TEST1','中','test时间精度通用查询测试！！！@TEST1','test时间精度通用查询测试！！！@TEST1','test时间精度通用查询测试！TEST1xaa','test时间精度通用查询测试！！！@TEST1','test时间精度通用查询测试！！！@TEST1',b'\xaa','test时间精度通用查询测试','test时间精度通用查询测试','test时间精度通用查询测试', '测试test11111', '测试变长123', 1, 2, 3, false, 1.1, 1.2,'a', 'red', 'T','China', 'a', 'b', '1', '女', '1', 'pria'),
('1970-01-01 00:00:00.000+00:00',1,1000000,1000,6000.0000,100.0,true,'2020-1-7 12:00:00.000','test时间精度通用查询测试！！！@TEST1','test时间精度通用查询测试！！！@TEST1','test时间精度通用查询测试！！！@TEST1','t','test时间精度通用查询测试！！！@TEST1','中','test时间精度通用查询测试！！！@TEST1','test时间精度通用查询测试！！！@TEST1','test时间精度通用查询测试！TEST1xaa','test时间精度通用查询测试！！！@TEST1','test时间精度通用查询测试！！！@TEST1',b'\xaa','test时间精度通用查询测试','test时间精度通用查询测试','test时间精度通用查询测试', '测试test11111', '测试变长123', 1, 2, 3, false, 1.1, 1.2,'a', 'red', 'T','China', 'a', 'b', '1', '女', '1', 'pria'),
('2023-12-12 12:10:00.000+00:00',1,1000000,1000,6000.0000,100.0,true,'2020-1-7 12:00:00.000','test时间精度通用查询测试！！！@TEST1','test时间精度通用查询测试！！！@TEST1','test时间精度通用查询测试！！！@TEST1','t','test时间精度通用查询测试！！！@TEST1','中','test时间精度通用查询测试！！！@TEST1','test时间精度通用查询测试！！！@TEST1','test时间精度通用查询测试！TEST1xaa','test时间精度通用查询测试！！！@TEST1','test时间精度通用查询测试！！！@TEST1',b'\xaa','test时间精度通用查询测试','test时间精度通用查询测试','test时间精度通用查询测试', '测试test11111', '测试变长123', 1, 2, 3, false, 1.1, 1.2,'a', 'red', 'T','China', 'a', 'b', '1', '女', '1', 'pria'),
('2023-12-12 12:10:00.000+00:00',1,1000000,1000,6000.0000,100.0,true,'2020-1-7 12:00:00.000','test时间精度通用查询测试！！！@TEST1','test时间精度通用查询测试！！！@TEST1','test时间精度通用查询测试！！！@TEST1','t','test时间精度通用查询测试！！！@TEST1','中','test时间精度通用查询测试！！！@TEST1','test时间精度通用查询测试！！！@TEST1','test时间精度通用查询测试！TEST1xaa','test时间精度通用查询测试！！！@TEST1','test时间精度通用查询测试！！！@TEST1',b'\xaa','test时间精度通用查询测试','test时间精度通用查询测试','test时间精度通用查询测试', '测试test11111', '测试变长123', 1, 2, 3, false, 1.1, 1.2,'a', 'red', 'T','China', 'a', 'b', '1', '女', '1', 'pria'),
('1970-01-01 00:00:00.000+00:00',1,1000000,1000,6000.0000,100.0,true,'2020-1-7 12:00:00.000','test时间精度通用查询测试！！！@TEST1','test时间精度通用查询测试！！！@TEST1','test时间精度通用查询测试！！！@TEST1','t','test时间精度通用查询测试！！！@TEST1','中','test时间精度通用查询测试！！！@TEST1','test时间精度通用查询测试！！！@TEST1','test时间精度通用查询测试！TEST1xaa','test时间精度通用查询测试！！！@TEST1','test时间精度通用查询测试！！！@TEST1',b'\xaa','test时间精度通用查询测试','test时间精度通用查询测试','test时间精度通用查询测试', '测试test11111', '测试变长123', 1, 2, 3, false, 1.1, 1.2,'a', 'red', 'T','China', 'a', 'b', '1', '女', '1', 'pria'),
('1970-01-01 00:00:00.000+00:00',1,1000000,1000,6000.0000,100.0,true,'2020-1-7 12:00:00.000','test时间精度通用查询测试！！！@TEST1','test时间精度通用查询测试！！！@TEST1','test时间精度通用查询测试！！！@TEST1','t','test时间精度通用查询测试！！！@TEST1','中','test时间精度通用查询测试！！！@TEST1','test时间精度通用查询测试！！！@TEST1','test时间精度通用查询测试！TEST1xaa','test时间精度通用查询测试！！！@TEST1','test时间精度通用查询测试！！！@TEST1',b'\xaa','test时间精度通用查询测试','test时间精度通用查询测试','test时间精度通用查询测试', '测试test11111', '测试变长123', 1, 2, 3, false, 1.1, 1.2,'a', 'red', 'T','China', 'a', 'b', '1', '女', '1', 'pria');
INSERT 8
> select * from test_dedup.ds_tb order by k_timestamp;
         k_timestamp        | e1 |   e2    |  e3  |  e4  | e5  |  e6  |            e7             |                  e8                  |                  e9                  |                 e10                  | e11 |                 e12                  | e13 |                 e14                  |                 e15                  |                                             e16                                              |                 e17                  |                 e18                  | e19  |                                  e20                                   |                                  e21                                   |                                  e22                                   |      e23      |     e24     | code1 | code2 | code3 | flag  | val1 | val2 | location | color | name |    state     | tall | screen | age | sex | year | type
----------------------------+----+---------+------+------+-----+------+---------------------------+--------------------------------------+--------------------------------------+--------------------------------------+-----+--------------------------------------+-----+--------------------------------------+--------------------------------------+----------------------------------------------------------------------------------------------+--------------------------------------+--------------------------------------+------+------------------------------------------------------------------------+------------------------------------------------------------------------+------------------------------------------------------------------------+---------------+-------------+-------+-------+-------+-------+------+------+----------+-------+------+--------------+------+--------+-----+-----+------+-------
  1970-01-01 00:00:00+00:00 |  1 | 1000000 | 1000 | 6000 | 100 | true | 2020-01-07 12:00:00+00:00 | test时间精度通用查询测试！！！@TEST1 | test时间精度通用查询测试！！！@TEST1 | test时间精度通用查询测试！！！@TEST1 | t   | test时间精度通用查询测试！！！@TEST1 | 中  | test时间精度通用查询测试！！！@TEST1 | test时间精度通用查询测试！！！@TEST1 | \x74657374e697b6e997b4e7b2bee5baa6e9809ae794a8e69fa5e8afa2e6b58be8af95efbc815445535431786161 | test时间精度通用查询测试！！！@TEST1 | test时间精度通用查询测试！！！@TEST1 | \xaa | \x74657374e697b6e997b4e7b2bee5baa6e9809ae794a8e69fa5e8afa2e6b58be8af95 | \x74657374e697b6e997b4e7b2bee5baa6e9809ae794a8e69fa5e8afa2e6b58be8af95 | \x74657374e697b6e997b4e7b2bee5baa6e9809ae794a8e69fa5e8afa2e6b58be8af95 | 测试test11111 | 测试变长123 |     1 |     2 |     3 | false |  1.1 |  1.2 | a        | red   | \x54 | \x4368696e61 | \x61 | \x62   |   1 | 女  | 1    | pria
  2023-12-12 12:00:00+00:00 |  1 | 1000000 | 1000 | 6000 | 100 | true | 2020-01-07 12:00:00+00:00 | test时间精度通用查询测试！！！@TEST1 | test时间精度通用查询测试！！！@TEST1 | test时间精度通用查询测试！！！@TEST1 | t   | test时间精度通用查询测试！！！@TEST1 | 中  | test时间精度通用查询测试！！！@TEST1 | test时间精度通用查询测试！！！@TEST1 | \x74657374e697b6e997b4e7b2bee5baa6e9809ae794a8e69fa5e8afa2e6b58be8af95efbc815445535431786161 | test时间精度通用查询测试！！！@TEST1 | test时间精度通用查询测试！！！@TEST1 | \xaa | \x74657374e697b6e997b4e7b2bee5baa6e9809ae794a8e69fa5e8afa2e6b58be8af95 | \x74657374e697b6e997b4e7b2bee5baa6e9809ae794a8e69fa5e8afa2e6b58be8af95 | \x74657374e697b6e997b4e7b2bee5baa6e9809ae794a8e69fa5e8afa2e6b58be8af95 | 测试test11111 | 测试变长123 |     1 |     2 |     3 | false |  1.1 |  1.2 | a        | red   | \x54 | \x4368696e61 | \x61 | \x62   |   1 | 女  | 1    | pria
  2023-12-12 12:10:00+00:00 |  1 | 1000000 | 1000 | 6000 | 100 | true | 2020-01-07 12:00:00+00:00 | test时间精度通用查询测试！！！@TEST1 | test时间精度通用查询测试！！！@TEST1 | test时间精度通用查询测试！！！@TEST1 | t   | test时间精度通用查询测试！！！@TEST1 | 中  | test时间精度通用查询测试！！！@TEST1 | test时间精度通用查询测试！！！@TEST1 | \x74657374e697b6e997b4e7b2bee5baa6e9809ae794a8e69fa5e8afa2e6b58be8af95efbc815445535431786161 | test时间精度通用查询测试！！！@TEST1 | test时间精度通用查询测试！！！@TEST1 | \xaa | \x74657374e697b6e997b4e7b2bee5baa6e9809ae794a8e69fa5e8afa2e6b58be8af95 | \x74657374e697b6e997b4e7b2bee5baa6e9809ae794a8e69fa5e8afa2e6b58be8af95 | \x74657374e697b6e997b4e7b2bee5baa6e9809ae794a8e69fa5e8afa2e6b58be8af95 | 测试test11111 | 测试变长123 |     1 |     2 |     3 | false |  1.1 |  1.2 | a        | red   | \x54 | \x4368696e61 | \x61 | \x62   |   1 | 女  | 1    | pria
(3 rows)
> drop table test_dedup.ds_tb;
DROP TABLE
> drop database test_dedup cascade;
DROP DATABASE
> set cluster setting ts.dedup.rule='discard';
SET CLUSTER SETTING
> create ts database test_dedup;
CREATE TS DATABASE
> create table test_dedup.ds_tb(ts timestamptz not null,b int )tags(c int not null)primary tags(c);
CREATE TABLE
> insert into test_dedup.ds_tb values('2024-01-01 00:00:00',1,1),('2024-01-01 00:00:00',1,1),('2024-01-01 00:00:00',1,2);
NOTICE:  1 rows discarded
Details: 1 rows discarded due to duplicate data. Check logs under the user data directory for more information.
INSERT 2
> insert into test_dedup.ds_tb values('2024-01-01 00:00:00',1,5),('2024-01-01 00:00:00',1,5),('2024-01-01 00:00:00',1,6);
NOTICE:  1 rows discarded
Details: 1 rows discarded due to duplicate data. Check logs under the user data directory for more information.
INSERT 2
> insert into test_dedup.ds_tb values('2024-01-01 00:00:00',1,8),('2024-01-01 00:00:00',1,9),('2024-01-01 00:00:00',1,8);
NOTICE:  1 rows discarded
Details: 1 rows discarded due to duplicate data. Check logs under the user data directory for more information.
INSERT 2
> drop table test_dedup.ds_tb;
DROP TABLE
> drop database test_dedup cascade;
DROP DATABASE
> set cluster setting ts.dedup.rule='reject';
SET CLUSTER SETTING
> create ts database test_dedup;
CREATE TS DATABASE
> create table test_dedup.ds_tb(ts timestamptz not null,b int )tags(c int not null)primary tags(c);
CREATE TABLE
> insert into test_dedup.ds_tb values('2024-01-01 00:00:00',1,1),('2024-01-01 00:00:00',1,1),('2024-01-01 00:00:00',1,2);
NOTICE:  2 rows rejected
Details: 2 rows rejected due to duplicate data. Check logs under the user data directory for more information.
INSERT 1
> insert into test_dedup.ds_tb values('2024-01-01 00:00:00',1,5),('2024-01-01 00:00:00',1,5),('2024-01-01 00:00:00',1,6);
NOTICE:  2 rows rejected
Details: 2 rows rejected due to duplicate data. Check logs under the user data directory for more information.
INSERT 1
> insert into test_dedup.ds_tb values('2024-01-01 00:00:00',1,8),('2024-01-01 00:00:00',1,9),('2024-01-01 00:00:00',1,8);
NOTICE:  2 rows rejected
Details: 2 rows rejected due to duplicate data. Check logs under the user data directory for more information.
INSERT 1
> drop table test_dedup.ds_tb;
DROP TABLE
> drop database test_dedup cascade;
DROP DATABASE
> SET CLUSTER SETTING ts.dedup.rule = 'override';
SET CLUSTER SETTING
