> use defaultdb;drop database if exists test_select_tag cascade;
DROP DATABASE
> create ts database test_select_tag;
CREATE TS DATABASE
> create table test_select_tag.tb(k_timestamp timestamptz not null,e1 timestamptz,e2 int2,e3 int,e4 int8,e5 float4,e6 float8,e7 bool,e8 char,e9 char(100),e10 nchar,e11 nchar(255),e12 varchar,e13 varchar(254),e14 varchar(4096),e15 nchar(100),e16 nchar(255),e17 nchar(255),e18 bytes,e19 bytes(100),e20 bytes(200),e21 bytes(254),e22 bytes(200)) tags (t1 int2 not null,t2 int,t3 int8,t4 bool not null,t5 float4,t6 float8,t7 char,t8 char(100) not null,t9 nchar,t10 nchar(254),t11 varchar,t12 varchar(128) not null,t13 bytes,t14 bytes(100),t15 bytes(100),t16 bytes(200)) primary tags(t1,t4,t8,t12);
CREATE TABLE
> create table test_select_tag.tb2(k_timestamp timestamptz not null,e1 timestamptz,e2 int2,e3 int,e4 int8,e5 float4,e6 float8,e7 bool,e8 char,e9 char(100),e10 nchar,e11 nchar(255),e12 varchar,e13 varchar(254),e14 varchar(4096),e15 nchar(100),e16 nchar(255),e17 nchar(255),e18 bytes,e19 bytes(100),e20 bytes(200),e21 bytes(254),e22 bytes(200)) tags (t1 int2,t2 int not null,t3 int8,t4 bool,t5 float4,t6 float8,t7 char not null,t8 char(100),t9 nchar not null,t10 nchar(254) not null,t11 varchar,t12 varchar(128),t13 bytes,t14 bytes(100),t15 bytes(100),t16 bytes(200)) primary tags(t2,t7,t9,t10);
CREATE TABLE
> create table test_select_tag.tb3(k_timestamp timestamptz not null,e1 timestamptz,e2 int2,e3 int,e4 int8,e5 float4,e6 float8,e7 bool,e8 char,e9 char(100),e10 nchar,e11 nchar(255),e12 varchar,e13 varchar(254),e14 varchar(4096),e15 nchar(100),e16 nchar(255),e17 nchar(255),e18 bytes,e19 bytes(100),e20 bytes(200),e21 bytes(254),e22 bytes(200)) tags (t1 int2,t2 int,t3 int8 not null,t4 bool,t5 float4,t6 float8,t7 char,t8 char(100),t9 nchar,t10 nchar(254),t11 varchar not null,t12 varchar(128),t13 bytes not null,t14 bytes(100) not null,t15 bytes(100),t16 bytes(200)) primary tags(t3,t11,t13,t14);
CREATE TABLE
> select t1,t2,t3 from test_select_tag.tb order by k_timestamp;
  t1 | t2 | t3
-----+----+-----
(0 rows)
> select t4,t5 from test_select_tag.tb order by k_timestamp;
  t4 | t5
-----+-----
(0 rows)
> select t6 from test_select_tag.tb order by k_timestamp;
  t6
------
(0 rows)
> select t7,t8 from test_select_tag.tb order by k_timestamp;
  t7 | t8
-----+-----
(0 rows)
> select t9,t10 from test_select_tag.tb order by k_timestamp;
  t9 | t10
-----+------
(0 rows)
> select t11,t12 from test_select_tag.tb order by k_timestamp;
  t11 | t12
------+------
(0 rows)
> select t1,t5,t6,t7,t10,t11 from test_select_tag.tb order by k_timestamp;
  t1 | t5 | t6 | t7 | t10 | t11
-----+----+----+----+-----+------
(0 rows)
> select e2,t1,t8 from test_select_tag.tb order by k_timestamp;
  e2 | t1 | t8
-----+----+-----
(0 rows)
> select k_timestamp,e1,t1,t2,t3 from test_select_tag.tb order by k_timestamp;
  k_timestamp | e1 | t1 | t2 | t3
--------------+----+----+----+-----
(0 rows)
> select e2,e3,e4,t4,t5 from test_select_tag.tb order by k_timestamp;
  e2 | e3 | e4 | t4 | t5
-----+----+----+----+-----
(0 rows)
> select e5,e6,t6 from test_select_tag.tb order by k_timestamp;
  e5 | e6 | t6
-----+----+-----
(0 rows)
> select e7,e8,t7,t8 from test_select_tag.tb order by k_timestamp;
  e7 | e8 | t7 | t8
-----+----+----+-----
(0 rows)
> select e9,e10,t9,t10 from test_select_tag.tb order by k_timestamp;
  e9 | e10 | t9 | t10
-----+-----+----+------
(0 rows)
> select e11,e12,t11,t12 from test_select_tag.tb order by k_timestamp;
  e11 | e12 | t11 | t12
------+-----+-----+------
(0 rows)
> select e15,e16,t5,t6 from test_select_tag.tb order by k_timestamp;
  e15 | e16 | t5 | t6
------+-----+----+-----
(0 rows)
> select e17,t1,t5,t6,t7,t10,t11 from test_select_tag.tb order by k_timestamp;
  e17 | t1 | t5 | t6 | t7 | t10 | t11
------+----+----+----+----+-----+------
(0 rows)
> select e12,e2,t1,t8 from test_select_tag.tb order by k_timestamp;
  e12 | e2 | t1 | t8
------+----+----+-----
(0 rows)
> select t1,t2,t4,t6,t8,t12 from test_select_tag.tb order by k_timestamp;
  t1 | t2 | t4 | t6 | t8 | t12
-----+----+----+----+----+------
(0 rows)
> select t2,t7,t9,t10,t8 from test_select_tag.tb2 order by k_timestamp;
  t2 | t7 | t9 | t10 | t8
-----+----+----+-----+-----
(0 rows)
> select t3,t13,t9,t11 from test_select_tag.tb3 order by k_timestamp;
  t3 | t13 | t9 | t11
-----+-----+----+------
(0 rows)
> select t1,t4,t8,t12 from test_select_tag.tb order by k_timestamp;
  t1 | t4 | t8 | t12
-----+----+----+------
(0 rows)
> select t2,t7,t9,t10 from test_select_tag.tb2 order by k_timestamp;
  t2 | t7 | t9 | t10
-----+----+----+------
(0 rows)
> select t3,t11 from test_select_tag.tb3 order by k_timestamp;
  t3 | t11
-----+------
(0 rows)
> select k_timestamp,e1,t1,t4,t8,t12 from test_select_tag.tb order by k_timestamp;
  k_timestamp | e1 | t1 | t4 | t8 | t12
--------------+----+----+----+----+------
(0 rows)
> select e2,e3,e4,t2,t7,t9,t11 from test_select_tag.tb2 order by k_timestamp;
  e2 | e3 | e4 | t2 | t7 | t9 | t11
-----+----+----+----+----+----+------
(0 rows)
> select e5,e6,t3,t12 from test_select_tag.tb3 order by k_timestamp;
  e5 | e6 | t3 | t12
-----+----+----+------
(0 rows)
> select k_timestamp,e1,e3,t4,t6,t8,t12 from test_select_tag.tb order by k_timestamp;
  k_timestamp | e1 | e3 | t4 | t6 | t8 | t12
--------------+----+----+----+----+----+------
(0 rows)
> select e4,e6,t2,t7,t8,t11 from test_select_tag.tb2 order by k_timestamp;
  e4 | e6 | t2 | t7 | t8 | t11
-----+----+----+----+----+------
(0 rows)
> select e9,e10,t3,t1,t11 from test_select_tag.tb3 order by k_timestamp;
  e9 | e10 | t3 | t1 | t11
-----+-----+----+----+------
(0 rows)
> drop table test_select_tag.tb cascade;
DROP TABLE
> drop table test_select_tag.tb2 cascade;
DROP TABLE
> drop table test_select_tag.tb3 cascade;
DROP TABLE
> use defaultdb;drop database test_select_tag cascade;
DROP DATABASE
> use defaultdb;drop database test_select_tag cascade;
ERROR: database "test_select_tag" does not exist
SQLSTATE: 3D000
> create ts database test_select_tag1;
CREATE TS DATABASE
> create table test_select_tag1.tb(k_timestamp timestamptz not null,e1 timestamptz,e2 int2,e3 int,e4 int8,e5 float4,e6 float8,e7 bool,e8 char,e9 char(100),e10 nchar,e11 nchar(255),e12 varchar,e13 varchar(254),e14 varchar(4096),e15 nchar(100),e16 nchar(255),e17 nchar(255),e18 bytes,e19 bytes(100),e20 bytes(200),e21 bytes(254),e22 bytes(200)) tags (t1 int2 not null,t2 int,t3 int8,t4 bool not null,t5 float4,t6 float8,t7 char,t8 char(100) not null,t9 nchar,t10 nchar(254),t11 varchar,t12 varchar(128) not null,t13 bytes,t14 bytes(100),t15 bytes(100),t16 bytes(200)) primary tags(t1,t4,t8,t12);
CREATE TABLE
> create table test_select_tag1.tb2(k_timestamp timestamptz not null,e1 timestamptz,e2 int2,e3 int,e4 int8,e5 float4,e6 float8,e7 bool,e8 char,e9 char(100),e10 nchar,e11 nchar(255),e12 varchar,e13 varchar(254),e14 varchar(4096),e15 nchar(100),e16 nchar(255),e17 nchar(255),e18 bytes,e19 bytes(100),e20 bytes(200),e21 bytes(254),e22 bytes(200)) tags (t1 int2,t2 int not null,t3 int8,t4 bool,t5 float4,t6 float8,t7 char not null,t8 char(100),t9 nchar not null,t10 nchar(254) not null,t11 varchar,t12 varchar(128),t13 bytes,t14 bytes(100),t15 bytes(100),t16 bytes(200)) primary tags(t2,t7,t9,t10);
CREATE TABLE
> create table test_select_tag1.tb3(k_timestamp timestamptz not null,e1 timestamptz,e2 int2,e3 int,e4 int8,e5 float4,e6 float8,e7 bool,e8 char,e9 char(100),e10 nchar,e11 nchar(255),e12 varchar,e13 varchar(254),e14 varchar(4096),e15 nchar(100),e16 nchar(255),e17 nchar(255),e18 bytes,e19 bytes(100),e20 bytes(200),e21 bytes(254),e22 bytes(200)) tags (t1 int2,t2 int,t3 int8 not null,t4 bool,t5 float4,t6 float8,t7 char,t8 char(100),t9 nchar,t10 nchar(254),t11 varchar not null,t12 varchar(128),t13 bytes not null,t14 bytes(100) not null,t15 bytes(100),t16 bytes(200)) primary tags(t3,t11,t13,t14);
CREATE TABLE
> insert into test_select_tag1.tb values ('2020-11-06 17:10:23','1970-01-01 08:00:00',700,7000,70000,700000.707,7000000.1010101,true,null,null,null,null,null,null,null,null,null,null,null,null,null,null,null,
1,null,7000,false,70.7077,700.5675675,'a','test测试！！！@TEST1','e','\a',null,'vvvaa64_1','b','test测试1023_1','vwwws测试_1','aaabbb');
INSERT 1
> insert into test_select_tag1.tb values ('2020-11-06 17:10:55.123','2019-12-06 18:10:23',100,3000,40000,600000.60612,4000000.4040404,false,' ',' ',' ',' ',' ',' ',' ',null,'','','','','','',null,
-32678,-2147483648,-9223372036854775808,false,-9223372036854775807.12345,100.111111,'b','test测试！！！@TEST1 ','f','test测试！TEST1xaa','\0test查询  @TEST1\0',e'\\','y','test@@测试！1023_1','vwwws测试_1','cccddde');
INSERT 1
> insert into test_select_tag1.tb values ('2022-05-01 12:10:23.456','2020-05-01 17:00:00',500,5000,60000,500000.505555,5000000.505055,false,'c','test测试！！！@TEST1 ','n','类型测试1()*  ','test！@TEST1  ',e'\\','255测试1cdf~# ','@TEST1  ','abc255测试1()*&^%{}','deg4096测试1(','b','查询1023_2','tes_测试1',b'\xaa\xbb\xcc',b'\xaa\xaa\xbb\xbb',
32767,2147483647,9223372036854775807,true,9223372036854775806.12345,500.578578,'c','test测试！！！@TEST1  ','g','" \','\0test查询！！！@TEST1\0','64_3','t','es1023_2','\\f','tes4096_2');
INSERT 1
> insert into test_select_tag1.tb values ('2022-05-01 12:10:25','2020-05-01 20:30:00',500,5000,50000,-500000.505,-5000000.505055,true,'h', 'ar2  ', 'c', 'r255测试2()*&^%{}','\\\\', 'v255测试1cdf~#   ', 'lengthis4096  测试%&!','ar-1', 'ar255()*&^%{}  ','6_1测试1&^%{} ','y', 's1023_1','ytes_2', null,b'\xcc\xcc\xdd\xdd',
4,400,4000,false,50.555,500.578578,'d','\\test测试！！！@TEST1','e','test测试！T  EST1xaa','\0test查询！！！@TEST1\0 ',e'\\\\','e','es1023_2','s_ 4','ww4096_2');
INSERT 1
> insert into test_select_tag1.tb values ('2023-05-10 09:08:18.223','2021-05-10 09:04:18.223',600,6000,60000,600000.666,666660.101011,true,'r', 'a r3', 'a', 'r255测试1(){}','varchar  中文1', null, 'hof4096查询test%%&!   ',null, 'ar255{}', 'ar4096测试1%{}','e','es1023_0', null, b'\xbb\xee\xff', null,
5,null,6000,true,60.6066,600.123455,'a','test测试！！！@TEST1','e',e'\a',null,'chch4_1','b','test测试10_1','vwwws中文_1',null);
INSERT 1
> insert into test_select_tag1.tb values ('2023-05-10 09:08:19.22','2021-06-01 10:00:00',100,3000,40000,600000.60612,4000000.4040404,false,'r', '\a r3', 'a', 'r255测试1{}','varchar  中文1', null, 'hof4096查询test%&!   ',null, 'ar255{}', 'ar96测试1%{}','e','es1023_0', null, b'\xcc\xee\xdd', null,
6,100,1000,false,-10.123,100.111111,'b','\\TEST1 ','f','测试！TEST1xaa','test查询  @TEST1\0','bd64_1','y','test@测试！10_1','vwwws_1','cddde');
INSERT 1
> insert into test_select_tag1.tb values ('2023-05-10 09:15:15.783','2021-06-10 06:04:15.183',500,5000,60000,500000.505555,5000000.505055,false,'c','test测试！！！@TEST1 ','n','类型测试1()*  ',null,null,'255测试1cdf~# ','@TEST1  ','abc255测试1()*&^%{}','deg4096测试1(','b','查询1023_2','tes_测试1',b'\xaa\xaa\xaa',b'\xbb\xcc\xbb\xbb',
7,200,2000,true,-10.123,500.578578,'c','test测试！！！@TEST1  ','g','" \','\0test查询！！！@TEST1\0','64_3','t','es1023_2','\\f','tes4096_2');
INSERT 1
> insert into test_select_tag1.tb2 values ('2023-05-10 09:08:18.223','2021-05-10 09:04:18.223',600,6000,60000,600000.666,666660.101011,true,'r', 'a r3', 'a', 'r255测试1(){}','varchar  中文1', null, 'hof4096查询test%%&!   ',null, 'ar255{}', 'ar4096测试1%{}','e','es1023_0', null, b'\xbb\xee\xff', null,
5,600,6000,false,60.6066,600.123455,'a','test测试！！！@TEST1','e','\a',null,'chch4_1','b','test测试10_1','vwwws中文_1',null);
INSERT 1
> insert into test_select_tag1.tb2 values ('2023-05-10 09:08:19.22','2021-06-01 10:00:00',100,3000,40000,600000.60612,4000000.4040404,false,'r', '\a r3', 'a', 'r255测试1{}','varchar  中文1', null, 'hof4096查询test%&!   ',null, 'ar255{}', 'ar96测试1%{}','e','es1023_0', null, b'\xcc\xee\xdd', null,
6,100,1000,true,-10.123,100.111111,'b','\\TEST1 ','f','测试！TEST1xaa','test查询  @TEST1\0','bd64_1','y','test@测试！10_1','vwwws_1','cddde');
INSERT 1
> insert into test_select_tag1.tb3 values ('2023-05-10 09:15:15.783','2021-06-10 06:04:15.183',500,5000,60000,500000.505555,5000000.505055,false,'c','test测试！！！@TEST1 ','n','类型测试1()*  ',null,null,'255测试1cdf~# ','@TEST1  ','abc255测试1()*&^%{}','deg4096测试1(','b','查询1023_2','tes_测试1',b'\xaa\xaa\xaa',b'\xbb\xcc\xbb\xbb',
7,200,2000,false,-10.123,500.578578,'c','test测试！！！@TEST1  ','g','" \','\0test查询！！！@TEST1\0','64_3','t','es1023_2','\\f','tes4096_2');
INSERT 1
> select k_timestamp from test_select_tag1.tb order by k_timestamp;
           k_timestamp
---------------------------------
  2020-11-06 17:10:23+00:00
  2020-11-06 17:10:55.123+00:00
  2022-05-01 12:10:23.456+00:00
  2022-05-01 12:10:25+00:00
  2023-05-10 09:08:18.223+00:00
  2023-05-10 09:08:19.22+00:00
  2023-05-10 09:15:15.783+00:00
(7 rows)
> select * from test_select_tag1.tb order by k_timestamp;
           k_timestamp          |              e1               | e2  |  e3  |  e4   |     e5      |         e6          |  e7   |  e8  |          e9           | e10  |        e11        |      e12       |        e13        |          e14           |   e15    |         e16         |      e17       | e18  |                                                                                                    e19                                                                                                     |                                                                                                                                                                                                        e20                                                                                                                                                                                                         |                                                                                                                                                                                                                                                              e21                                                                                                                                                                                                                                                               |                                                                                                                                                                                                        e22                                                                                                                                                                                                         |   t1   |     t2      |          t3          |  t4   |           t5           |     t6      | t7 |           t8           | t9 |         t10          |            t11            |    t12    | t13  |                                                                                                    t14                                                                                                     |                                                                                                    t15                                                                                                     |                                                                                                                                                                                                        t16
--------------------------------+-------------------------------+-----+------+-------+-------------+---------------------+-------+------+-----------------------+------+-------------------+----------------+-------------------+------------------------+----------+---------------------+----------------+------+------------------------------------------------------------------------------------------------------------------------------------------------------------------------------------------------------------+--------------------------------------------------------------------------------------------------------------------------------------------------------------------------------------------------------------------------------------------------------------------------------------------------------------------------------------------------------------------------------------------------------------------+--------------------------------------------------------------------------------------------------------------------------------------------------------------------------------------------------------------------------------------------------------------------------------------------------------------------------------------------------------------------------------------------------------------------------------------------------------------------------------------------------------------------------------+--------------------------------------------------------------------------------------------------------------------------------------------------------------------------------------------------------------------------------------------------------------------------------------------------------------------------------------------------------------------------------------------------------------------+--------+-------------+----------------------+-------+------------------------+-------------+----+------------------------+----+----------------------+---------------------------+-----------+------+------------------------------------------------------------------------------------------------------------------------------------------------------------------------------------------------------------+------------------------------------------------------------------------------------------------------------------------------------------------------------------------------------------------------------+---------------------------------------------------------------------------------------------------------------------------------------------------------------------------------------------------------------------------------------------------------------------------------------------------------------------------------------------------------------------------------------------------------------------
  2020-11-06 17:10:23+00:00     | 1970-01-01 08:00:00+00:00     | 700 | 7000 | 70000 | 700000.6875 | 7.0000001010101e+06 | true  | NULL | NULL                  | NULL | NULL              | NULL           | NULL              | NULL                   | NULL     | NULL                | NULL           | NULL | NULL                                                                                                                                                                                                       | NULL                                                                                                                                                                                                                                                                                                                                                                                                               | NULL                                                                                                                                                                                                                                                                                                                                                                                                                                                                                                                           | NULL                                                                                                                                                                                                                                                                                                                                                                                                               |      1 | NULL        |                 7000 | false |              70.707703 | 700.5675675 | a  | test测试！！！@TEST1   | e  | \a                   | NULL                      | vvvaa64_1 | \x62 | \x74657374e6b58be8af95313032335f31000000000000000000000000000000000000000000000000000000000000000000000000000000000000000000000000000000000000000000000000000000000000000000000000000000000000000000000000 | \x7677777773e6b58be8af955f31000000000000000000000000000000000000000000000000000000000000000000000000000000000000000000000000000000000000000000000000000000000000000000000000000000000000000000000000000000 | \x6161616262620000000000000000000000000000000000000000000000000000000000000000000000000000000000000000000000000000000000000000000000000000000000000000000000000000000000000000000000000000000000000000000000000000000000000000000000000000000000000000000000000000000000000000000000000000000000000000000000000000000000000000000000000000000000000000000000000000000000000000000000000000000000000000000000000000
  2020-11-06 17:10:55.123+00:00 | 2019-12-06 18:10:23+00:00     | 100 | 3000 | 40000 |  600000.625 | 4.0000004040404e+06 | false |      |                       |      |                   |                |                   |                        | NULL     |                     |                | \x00 | \x00000000000000000000000000000000000000000000000000000000000000000000000000000000000000000000000000000000000000000000000000000000000000000000000000000000000000000000000000000000000000000000000000000000 | \x0000000000000000000000000000000000000000000000000000000000000000000000000000000000000000000000000000000000000000000000000000000000000000000000000000000000000000000000000000000000000000000000000000000000000000000000000000000000000000000000000000000000000000000000000000000000000000000000000000000000000000000000000000000000000000000000000000000000000000000000000000000000000000000000000000000000000000 | \x0000000000000000000000000000000000000000000000000000000000000000000000000000000000000000000000000000000000000000000000000000000000000000000000000000000000000000000000000000000000000000000000000000000000000000000000000000000000000000000000000000000000000000000000000000000000000000000000000000000000000000000000000000000000000000000000000000000000000000000000000000000000000000000000000000000000000000000000000000000000000000000000000000000000000000000000000000000000000000000000000000000000000000000000000000 | NULL                                                                                                                                                                                                                                                                                                                                                                                                               | -32678 | -2147483648 | -9223372036854775808 | false | -9.223372036854776e+18 |  100.111111 | b  | test测试！！！@TEST1   | f  | test测试！TEST1xaa   | \0test查询  @TEST1\0      | \         | \x79 | \x746573744040e6b58be8af95efbc81313032335f3100000000000000000000000000000000000000000000000000000000000000000000000000000000000000000000000000000000000000000000000000000000000000000000000000000000000000 | \x7677777773e6b58be8af955f31000000000000000000000000000000000000000000000000000000000000000000000000000000000000000000000000000000000000000000000000000000000000000000000000000000000000000000000000000000 | \x6363636464646500000000000000000000000000000000000000000000000000000000000000000000000000000000000000000000000000000000000000000000000000000000000000000000000000000000000000000000000000000000000000000000000000000000000000000000000000000000000000000000000000000000000000000000000000000000000000000000000000000000000000000000000000000000000000000000000000000000000000000000000000000000000000000000000000
  2022-05-01 12:10:23.456+00:00 | 2020-05-01 17:00:00+00:00     | 500 | 5000 | 60000 |    500000.5 | 5.000000505055e+06  | false | c    | test测试！！！@TEST1  | n    | 类型测试1()*      | test！@TEST1   | \                 | 255测试1cdf~#          | @TEST1   | abc255测试1()*&^%{} | deg4096测试1(  | \x62 | \xe69fa5e8afa2313032335f3200000000000000000000000000000000000000000000000000000000000000000000000000000000000000000000000000000000000000000000000000000000000000000000000000000000000000000000000000000000 | \x7465735fe6b58be8af9531000000000000000000000000000000000000000000000000000000000000000000000000000000000000000000000000000000000000000000000000000000000000000000000000000000000000000000000000000000000000000000000000000000000000000000000000000000000000000000000000000000000000000000000000000000000000000000000000000000000000000000000000000000000000000000000000000000000000000000000000000000000000000000 | \xaabbcc0000000000000000000000000000000000000000000000000000000000000000000000000000000000000000000000000000000000000000000000000000000000000000000000000000000000000000000000000000000000000000000000000000000000000000000000000000000000000000000000000000000000000000000000000000000000000000000000000000000000000000000000000000000000000000000000000000000000000000000000000000000000000000000000000000000000000000000000000000000000000000000000000000000000000000000000000000000000000000000000000000000000000000000000 | \xaaaabbbb00000000000000000000000000000000000000000000000000000000000000000000000000000000000000000000000000000000000000000000000000000000000000000000000000000000000000000000000000000000000000000000000000000000000000000000000000000000000000000000000000000000000000000000000000000000000000000000000000000000000000000000000000000000000000000000000000000000000000000000000000000000000000000000000000000000 |  32767 |  2147483647 |  9223372036854775807 | true  | 9.223372036854776e+18  |  500.578578 | c  | test测试！！！@TEST1   | g  | " \                  | \0test查询！！！@TEST1\0  | 64_3      | \x74 | \x6573313032335f320000000000000000000000000000000000000000000000000000000000000000000000000000000000000000000000000000000000000000000000000000000000000000000000000000000000000000000000000000000000000000 | \x5c660000000000000000000000000000000000000000000000000000000000000000000000000000000000000000000000000000000000000000000000000000000000000000000000000000000000000000000000000000000000000000000000000000 | \x746573343039365f320000000000000000000000000000000000000000000000000000000000000000000000000000000000000000000000000000000000000000000000000000000000000000000000000000000000000000000000000000000000000000000000000000000000000000000000000000000000000000000000000000000000000000000000000000000000000000000000000000000000000000000000000000000000000000000000000000000000000000000000000000000000000000000000
  2022-05-01 12:10:25+00:00     | 2020-05-01 20:30:00+00:00     | 500 | 5000 | 50000 |   -500000.5 | -5.000000505055e+06 | true  | h    | ar2                   | c    | r255测试2()*&^%{} | \\\\           | v255测试1cdf~#    | lengthis4096  测试%&!  | ar-1     | ar255()*&^%{}       | 6_1测试1&^%{}  | \x79 | \x73313032335f31000000000000000000000000000000000000000000000000000000000000000000000000000000000000000000000000000000000000000000000000000000000000000000000000000000000000000000000000000000000000000000 | \x797465735f320000000000000000000000000000000000000000000000000000000000000000000000000000000000000000000000000000000000000000000000000000000000000000000000000000000000000000000000000000000000000000000000000000000000000000000000000000000000000000000000000000000000000000000000000000000000000000000000000000000000000000000000000000000000000000000000000000000000000000000000000000000000000000000000000000 | NULL                                                                                                                                                                                                                                                                                                                                                                                                                                                                                                                           | \xccccdddd00000000000000000000000000000000000000000000000000000000000000000000000000000000000000000000000000000000000000000000000000000000000000000000000000000000000000000000000000000000000000000000000000000000000000000000000000000000000000000000000000000000000000000000000000000000000000000000000000000000000000000000000000000000000000000000000000000000000000000000000000000000000000000000000000000000 |      4 |         400 |                 4000 | false |                 50.555 |  500.578578 | d  | \\test测试！！！@TEST1 | e  | test测试！T  EST1xaa | \0test查询！！！@TEST1\0  | \\        | \x65 | \x6573313032335f320000000000000000000000000000000000000000000000000000000000000000000000000000000000000000000000000000000000000000000000000000000000000000000000000000000000000000000000000000000000000000 | \x735f2034000000000000000000000000000000000000000000000000000000000000000000000000000000000000000000000000000000000000000000000000000000000000000000000000000000000000000000000000000000000000000000000000 | \x7777343039365f32000000000000000000000000000000000000000000000000000000000000000000000000000000000000000000000000000000000000000000000000000000000000000000000000000000000000000000000000000000000000000000000000000000000000000000000000000000000000000000000000000000000000000000000000000000000000000000000000000000000000000000000000000000000000000000000000000000000000000000000000000000000000000000000000
  2023-05-10 09:08:18.223+00:00 | 2021-05-10 09:04:18.223+00:00 | 600 | 6000 | 60000 | 600000.6875 |       666660.101011 | true  | r    | a r3                  | a    | r255测试1(){}     | varchar  中文1 | NULL              | hof4096查询test%%&!    | NULL     | ar255{}             | ar4096测试1%{} | \x65 | \x6573313032335f300000000000000000000000000000000000000000000000000000000000000000000000000000000000000000000000000000000000000000000000000000000000000000000000000000000000000000000000000000000000000000 | NULL                                                                                                                                                                                                                                                                                                                                                                                                               | \xbbeeff0000000000000000000000000000000000000000000000000000000000000000000000000000000000000000000000000000000000000000000000000000000000000000000000000000000000000000000000000000000000000000000000000000000000000000000000000000000000000000000000000000000000000000000000000000000000000000000000000000000000000000000000000000000000000000000000000000000000000000000000000000000000000000000000000000000000000000000000000000000000000000000000000000000000000000000000000000000000000000000000000000000000000000000000 | NULL                                                                                                                                                                                                                                                                                                                                                                                                               |      5 | NULL        |                 6000 | true  |              60.606602 |  600.123455 | a  | test测试！！！@TEST1   | e  |                      | NULL                      | chch4_1   | \x62 | \x74657374e6b58be8af9531305f310000000000000000000000000000000000000000000000000000000000000000000000000000000000000000000000000000000000000000000000000000000000000000000000000000000000000000000000000000 | \x7677777773e4b8ade696875f31000000000000000000000000000000000000000000000000000000000000000000000000000000000000000000000000000000000000000000000000000000000000000000000000000000000000000000000000000000 | NULL
  2023-05-10 09:08:19.22+00:00  | 2021-06-01 10:00:00+00:00     | 100 | 3000 | 40000 |  600000.625 | 4.0000004040404e+06 | false | r    | \a r3                 | a    | r255测试1{}       | varchar  中文1 | NULL              | hof4096查询test%&!     | NULL     | ar255{}             | ar96测试1%{}   | \x65 | \x6573313032335f300000000000000000000000000000000000000000000000000000000000000000000000000000000000000000000000000000000000000000000000000000000000000000000000000000000000000000000000000000000000000000 | NULL                                                                                                                                                                                                                                                                                                                                                                                                               | \xcceedd0000000000000000000000000000000000000000000000000000000000000000000000000000000000000000000000000000000000000000000000000000000000000000000000000000000000000000000000000000000000000000000000000000000000000000000000000000000000000000000000000000000000000000000000000000000000000000000000000000000000000000000000000000000000000000000000000000000000000000000000000000000000000000000000000000000000000000000000000000000000000000000000000000000000000000000000000000000000000000000000000000000000000000000000 | NULL                                                                                                                                                                                                                                                                                                                                                                                                               |      6 |         100 |                 1000 | false |                -10.123 |  100.111111 | b  | \\TEST1                | f  | 测试！TEST1xaa       | test查询  @TEST1\0        | bd64_1    | \x79 | \x7465737440e6b58be8af95efbc8131305f3100000000000000000000000000000000000000000000000000000000000000000000000000000000000000000000000000000000000000000000000000000000000000000000000000000000000000000000 | \x76777777735f31000000000000000000000000000000000000000000000000000000000000000000000000000000000000000000000000000000000000000000000000000000000000000000000000000000000000000000000000000000000000000000 | \x6364646465000000000000000000000000000000000000000000000000000000000000000000000000000000000000000000000000000000000000000000000000000000000000000000000000000000000000000000000000000000000000000000000000000000000000000000000000000000000000000000000000000000000000000000000000000000000000000000000000000000000000000000000000000000000000000000000000000000000000000000000000000000000000000000000000000000
  2023-05-10 09:15:15.783+00:00 | 2021-06-10 06:04:15.183+00:00 | 500 | 5000 | 60000 |    500000.5 | 5.000000505055e+06  | false | c    | test测试！！！@TEST1  | n    | 类型测试1()*      | NULL           | NULL              | 255测试1cdf~#          | @TEST1   | abc255测试1()*&^%{} | deg4096测试1(  | \x62 | \xe69fa5e8afa2313032335f3200000000000000000000000000000000000000000000000000000000000000000000000000000000000000000000000000000000000000000000000000000000000000000000000000000000000000000000000000000000 | \x7465735fe6b58be8af9531000000000000000000000000000000000000000000000000000000000000000000000000000000000000000000000000000000000000000000000000000000000000000000000000000000000000000000000000000000000000000000000000000000000000000000000000000000000000000000000000000000000000000000000000000000000000000000000000000000000000000000000000000000000000000000000000000000000000000000000000000000000000000000 | \xaaaaaa0000000000000000000000000000000000000000000000000000000000000000000000000000000000000000000000000000000000000000000000000000000000000000000000000000000000000000000000000000000000000000000000000000000000000000000000000000000000000000000000000000000000000000000000000000000000000000000000000000000000000000000000000000000000000000000000000000000000000000000000000000000000000000000000000000000000000000000000000000000000000000000000000000000000000000000000000000000000000000000000000000000000000000000000 | \xbbccbbbb00000000000000000000000000000000000000000000000000000000000000000000000000000000000000000000000000000000000000000000000000000000000000000000000000000000000000000000000000000000000000000000000000000000000000000000000000000000000000000000000000000000000000000000000000000000000000000000000000000000000000000000000000000000000000000000000000000000000000000000000000000000000000000000000000000000 |      7 |         200 |                 2000 | true  |                -10.123 |  500.578578 | c  | test测试！！！@TEST1   | g  | " \                  | \0test查询！！！@TEST1\0  | 64_3      | \x74 | \x6573313032335f320000000000000000000000000000000000000000000000000000000000000000000000000000000000000000000000000000000000000000000000000000000000000000000000000000000000000000000000000000000000000000 | \x5c660000000000000000000000000000000000000000000000000000000000000000000000000000000000000000000000000000000000000000000000000000000000000000000000000000000000000000000000000000000000000000000000000000 | \x746573343039365f320000000000000000000000000000000000000000000000000000000000000000000000000000000000000000000000000000000000000000000000000000000000000000000000000000000000000000000000000000000000000000000000000000000000000000000000000000000000000000000000000000000000000000000000000000000000000000000000000000000000000000000000000000000000000000000000000000000000000000000000000000000000000000000000
(7 rows)
> select t1,t4,t6,t7,t8,t10,t12 from test_select_tag1.tb order by k_timestamp;
    t1   |  t4   |     t6      | t7 |           t8           |         t10          |    t12
---------+-------+-------------+----+------------------------+----------------------+------------
       1 | false | 700.5675675 | a  | test测试！！！@TEST1   | \a                   | vvvaa64_1
  -32678 | false |  100.111111 | b  | test测试！！！@TEST1   | test测试！TEST1xaa   | \
   32767 | true  |  500.578578 | c  | test测试！！！@TEST1   | " \                  | 64_3
       4 | false |  500.578578 | d  | \\test测试！！！@TEST1 | test测试！T  EST1xaa | \\
       5 | true  |  600.123455 | a  | test测试！！！@TEST1   |                      | chch4_1
       6 | false |  100.111111 | b  | \\TEST1                | 测试！TEST1xaa       | bd64_1
       7 | true  |  500.578578 | c  | test测试！！！@TEST1   | " \                  | 64_3
(7 rows)
> select t2,t3,t5,t9,t11 from test_select_tag1.tb order by k_timestamp;
      t2      |          t3          |           t5           | t9 |            t11
--------------+----------------------+------------------------+----+----------------------------
  NULL        |                 7000 |              70.707703 | e  | NULL
  -2147483648 | -9223372036854775808 | -9.223372036854776e+18 | f  | \0test查询  @TEST1\0
   2147483647 |  9223372036854775807 | 9.223372036854776e+18  | g  | \0test查询！！！@TEST1\0
          400 |                 4000 |                 50.555 | e  | \0test查询！！！@TEST1\0
  NULL        |                 6000 |              60.606602 | e  | NULL
          100 |                 1000 |                -10.123 | f  | test查询  @TEST1\0
          200 |                 2000 |                -10.123 | g  | \0test查询！！！@TEST1\0
(7 rows)
> select t2,t2 from test_select_tag1.tb order by k_timestamp;
      t2      |     t2
--------------+--------------
  NULL        | NULL
  -2147483648 | -2147483648
   2147483647 |  2147483647
          400 |         400
  NULL        | NULL
          100 |         100
          200 |         200
(7 rows)
> select t1,t4,t8,t10 from test_select_tag1.tb order by k_timestamp;
    t1   |  t4   |           t8           |         t10
---------+-------+------------------------+-----------------------
       1 | false | test测试！！！@TEST1   | \a
  -32678 | false | test测试！！！@TEST1   | test测试！TEST1xaa
   32767 | true  | test测试！！！@TEST1   | " \
       4 | false | \\test测试！！！@TEST1 | test测试！T  EST1xaa
       5 | true  | test测试！！！@TEST1   | 
       6 | false | \\TEST1                | 测试！TEST1xaa
       7 | true  | test测试！！！@TEST1   | " \
(7 rows)
> select t2,t7,t9,t11 from test_select_tag1.tb2 order by k_timestamp;
  t2  | t7 | t9 |        t11
------+----+----+---------------------
  600 | a  | e  | NULL
  100 | b  | f  | test查询  @TEST1\0
(2 rows)
> select t3,t12 from test_select_tag1.tb3 order by k_timestamp;
   t3  | t12
-------+-------
  2000 | 64_3
(1 row)
> select t1,t4,t5,t8,t10 from test_select_tag1.tb order by k_timestamp;
    t1   |  t4   |           t5           |           t8           |         t10
---------+-------+------------------------+------------------------+-----------------------
       1 | false |              70.707703 | test测试！！！@TEST1   | \a
  -32678 | false | -9.223372036854776e+18 | test测试！！！@TEST1   | test测试！TEST1xaa
   32767 | true  | 9.223372036854776e+18  | test测试！！！@TEST1   | " \
       4 | false |                 50.555 | \\test测试！！！@TEST1 | test测试！T  EST1xaa
       5 | true  |              60.606602 | test测试！！！@TEST1   | 
       6 | false |                -10.123 | \\TEST1                | 测试！TEST1xaa
       7 | true  |                -10.123 | test测试！！！@TEST1   | " \
(7 rows)
> select t2,t7,t9,t11,t5 from test_select_tag1.tb2 order by k_timestamp;
  t2  | t7 | t9 |        t11         |    t5
------+----+----+--------------------+------------
  600 | a  | e  | NULL               | 60.606602
  100 | b  | f  | test查询  @TEST1\0 |   -10.123
(2 rows)
> select t3,t12,t1,t2 from test_select_tag1.tb3 order by k_timestamp;
   t3  | t12  | t1 | t2
-------+------+----+------
  2000 | 64_3 |  7 | 200
(1 row)
> select k_timestamp,e1,t1,t4,t5,t8,t10 from test_select_tag1.tb order by k_timestamp;
           k_timestamp          |              e1               |   t1   |  t4   |           t5           |           t8           |         t10
--------------------------------+-------------------------------+--------+-------+------------------------+------------------------+-----------------------
  2020-11-06 17:10:23+00:00     | 1970-01-01 08:00:00+00:00     |      1 | false |              70.707703 | test测试！！！@TEST1   | \a
  2020-11-06 17:10:55.123+00:00 | 2019-12-06 18:10:23+00:00     | -32678 | false | -9.223372036854776e+18 | test测试！！！@TEST1   | test测试！TEST1xaa
  2022-05-01 12:10:23.456+00:00 | 2020-05-01 17:00:00+00:00     |  32767 | true  | 9.223372036854776e+18  | test测试！！！@TEST1   | " \
  2022-05-01 12:10:25+00:00     | 2020-05-01 20:30:00+00:00     |      4 | false |                 50.555 | \\test测试！！！@TEST1 | test测试！T  EST1xaa
  2023-05-10 09:08:18.223+00:00 | 2021-05-10 09:04:18.223+00:00 |      5 | true  |              60.606602 | test测试！！！@TEST1   | 
  2023-05-10 09:08:19.22+00:00  | 2021-06-01 10:00:00+00:00     |      6 | false |                -10.123 | \\TEST1                | 测试！TEST1xaa
  2023-05-10 09:15:15.783+00:00 | 2021-06-10 06:04:15.183+00:00 |      7 | true  |                -10.123 | test测试！！！@TEST1   | " \
(7 rows)
> select e2,e3,e4,t2,t7,t9,t11 from test_select_tag1.tb2 order by k_timestamp;
  e2  |  e3  |  e4   | t2  | t7 | t9 |        t11
------+------+-------+-----+----+----+---------------------
  600 | 6000 | 60000 | 600 | a  | e  | NULL
  100 | 3000 | 40000 | 100 | b  | f  | test查询  @TEST1\0
(2 rows)
> select e5,e6,e7,t3,t10,t12,t14 from test_select_tag1.tb3 order by k_timestamp;
     e5    |         e6         |  e7   |  t3  | t10 | t12  |                                                                                                    t14
-----------+--------------------+-------+------+-----+------+-------------------------------------------------------------------------------------------------------------------------------------------------------------------------------------------------------------
  500000.5 | 5.000000505055e+06 | false | 2000 | " \ | 64_3 | \x6573313032335f320000000000000000000000000000000000000000000000000000000000000000000000000000000000000000000000000000000000000000000000000000000000000000000000000000000000000000000000000000000000000000
(1 row)
> drop table test_select_tag1.tb cascade;
DROP TABLE
> drop table test_select_tag1.tb2 cascade;
DROP TABLE
> drop table test_select_tag1.tb3 cascade;
DROP TABLE
> use defaultdb;drop database test_select_tag1 cascade;
DROP DATABASE
> use defaultdb;drop database test_select_tag2 cascade;
ERROR: database "test_select_tag2" does not exist
SQLSTATE: 3D000
> create ts database test_select_tag2;
CREATE TS DATABASE
> create table test_select_tag2.tb(k_timestamp timestamptz not null,e1 timestamptz,e2 int2,e3 int,e4 int8,e5 float4,e6 float8,e7 bool,e8 char,e9 char(100),e10 nchar,e11 nchar(255),e12 varchar,e13 varchar(254),e14 varchar(4096),e15 nchar(100),e16 nchar(255),e17 nchar(255),e18 bytes,e19 bytes(100),e20 bytes(200),e21 bytes(254),e22 bytes(200)) tags (t1 int2 not null,t2 int,t3 int8,t4 bool not null,t5 float4,t6 float8,t7 char,t8 char(100) not null,t9 nchar,t10 nchar(254),t11 varchar,t12 varchar(128) not null,t13 bytes,t14 bytes(100),t15 bytes(100),t16 bytes(200)) primary tags(t1,t4,t8,t12);
CREATE TABLE
> create table test_select_tag2.tb2(k_timestamp timestamptz not null,e1 timestamptz,e2 int2,e3 int,e4 int8,e5 float4,e6 float8,e7 bool,e8 char,e9 char(100),e10 nchar,e11 nchar(255),e12 varchar,e13 varchar(254),e14 varchar(4096),e15 nchar(100),e16 nchar(255),e17 nchar(255),e18 bytes,e19 bytes(100),e20 bytes(200),e21 bytes(254),e22 bytes(200)) tags (t1 int2,t2 int not null,t3 int8,t4 bool,t5 float4,t6 float8,t7 char not null,t8 char(100),t9 nchar not null,t10 nchar(254) not null,t11 varchar,t12 varchar(128),t13 bytes,t14 bytes(100),t15 bytes(100),t16 bytes(200)) primary tags(t2,t7,t9,t10);
CREATE TABLE
> create table test_select_tag2.tb3(k_timestamp timestamptz not null,e1 timestamptz,e2 int2,e3 int,e4 int8,e5 float4,e6 float8,e7 bool,e8 char,e9 char(100),e10 nchar,e11 nchar(255),e12 varchar,e13 varchar(254),e14 varchar(4096),e15 nchar(100),e16 nchar(255),e17 nchar(255),e18 bytes,e19 bytes(100),e20 bytes(200),e21 bytes(254),e22 bytes(200)) tags (t1 int2,t2 int,t3 int8 not null,t4 bool,t5 float4,t6 float8,t7 char,t8 char(100),t9 nchar,t10 nchar(254),t11 varchar not null,t12 varchar(128),t13 bytes not null,t14 bytes(100) not null,t15 bytes(100),t16 bytes(200)) primary tags(t3,t11,t13,t14);
CREATE TABLE
> insert into test_select_tag2.tb values ('2020-11-06 17:10:23','1970-01-01 08:00:00',700,7000,70000,700000.707,7000000.1010101,true,null,null,null,null,null,null,null,null,null,null,null,null,null,null,null,
1,null,7000,false,70.7077,700.5675675,'a','test测试！！！@TEST1','e','\a',null,'vvvaa64_1','b','test测试1023_1','vwwws测试_1','aaabbb');
INSERT 1
> insert into test_select_tag2.tb values ('2020-11-06 17:10:55.123','2019-12-06 18:10:23',100,3000,40000,600000.60612,4000000.4040404,false,' ',' ',' ',' ',' ',' ',' ',null,'','','','','','',null,
-32678,-2147483648,-9223372036854775808,false,-9223372036854775807.12345,100.111111,'b','test测试！！！@TEST1 ','f','test测试！TEST1xaa','\0test查询  @TEST1\0',e'\\','y','test@@测试！1023_1','vwwws测试_1','cccddde');
INSERT 1
> insert into test_select_tag2.tb values ('2022-05-01 12:10:23.456','2020-05-01 17:00:00',500,5000,60000,500000.505555,5000000.505055,false,'c','test测试！！！@TEST1 ','n','类型测试1()*  ','test！@TEST1  ',e'\\','255测试1cdf~# ','@TEST1  ','abc255测试1()*&^%{}','deg4096测试1(','b','查询1023_2','tes_测试1',b'\xaa\xbb\xcc',b'\xaa\xaa\xbb\xbb',
32767,2147483647,9223372036854775807,true,9223372036854775806.12345,500.578578,'c','test测试！！！@TEST1  ','g','" \','\0test查询！！！@TEST1\0','64_3','t','es1023_2','\\f','tes4096_2');
INSERT 1
> insert into test_select_tag2.tb values ('2022-05-01 12:10:25','2020-05-01 20:30:00',500,5000,50000,-500000.505,-5000000.505055,true,'h', 'ar2  ', 'c', 'r255测试2()*&^%{}','\\\\', 'v255测试1cdf~#   ', 'lengthis4096  测试%&!','ar-1', 'ar255()*&^%{}  ','6_1测试1&^%{} ','y', 's1023_1','ytes_2', null,b'\xcc\xcc\xdd\xdd',
4,400,4000,false,50.555,500.578578,'d','\\test测试！！！@TEST1','e','test测试！T  EST1xaa','\0test查询！！！@TEST1\0 ',e'\\\\','e','es1023_2','s_ 4','ww4096_2');
INSERT 1
> insert into test_select_tag2.tb values ('2023-05-10 09:08:18.223','2021-05-10 09:04:18.223',600,6000,60000,600000.666,666660.101011,true,'r', 'a r3', 'a', 'r255测试1(){}','varchar  中文1', null, 'hof4096查询test%%&!   ',null, 'ar255{}', 'ar4096测试1%{}','e','es1023_0', null, b'\xbb\xee\xff', null,
5,null,6000,true,60.6066,600.123455,'a','test测试！！！@TEST1','e',e'\a',null,'chch4_1','b','test测试10_1','vwwws中文_1',null);
INSERT 1
> insert into test_select_tag2.tb values ('2023-05-10 09:08:19.22','2021-06-01 10:00:00',100,3000,40000,600000.60612,4000000.4040404,false,'r', '\a r3', 'a', 'r255测试1{}','varchar  中文1', null, 'hof4096查询test%&!   ',null, 'ar255{}', 'ar96测试1%{}','e','es1023_0', null, b'\xcc\xee\xdd', null,
6,100,1000,false,-10.123,100.111111,'b','\\TEST1 ','f','测试！TEST1xaa','test查询  @TEST1\0','bd64_1','y','test@测试！10_1','vwwws_1','cddde');
INSERT 1
> insert into test_select_tag2.tb values ('2023-05-10 09:15:15.783','2021-06-10 06:04:15.183',500,5000,60000,500000.505555,5000000.505055,false,'c','test测试！！！@TEST1 ','n','类型测试1()*  ',null,null,'255测试1cdf~# ','@TEST1  ','abc255测试1()*&^%{}','deg4096测试1(','b','查询1023_2','tes_测试1',b'\xaa\xaa\xaa',b'\xbb\xcc\xbb\xbb',
7,200,2000,true,-10.123,500.578578,'c','test测试！！！@TEST1  ','g','" \','\0test查询！！！@TEST1\0','64_3','t','es1023_2','\\f','tes4096_2');
INSERT 1
> insert into test_select_tag2.tb2 values ('2023-05-10 09:08:18.223','2021-05-10 09:04:18.223',600,6000,60000,600000.666,666660.101011,true,'r', 'a r3', 'a', 'r255测试1(){}','varchar  中文1', null, 'hof4096查询test%%&!   ',null, 'ar255{}', 'ar4096测试1%{}','e','es1023_0', null, b'\xbb\xee\xff', null,
5,600,6000,false,60.6066,600.123455,'a','test测试！！！@TEST1','e','\a',null,'chch4_1','b','test测试10_1','vwwws中文_1',null);
INSERT 1
> insert into test_select_tag2.tb2 values ('2023-05-10 09:08:19.22','2021-06-01 10:00:00',100,3000,40000,600000.60612,4000000.4040404,false,'r', '\a r3', 'a', 'r255测试1{}','varchar  中文1', null, 'hof4096查询test%&!   ',null, 'ar255{}', 'ar96测试1%{}','e','es1023_0', null, b'\xcc\xee\xdd', null,
6,100,1000,true,-10.123,100.111111,'b','\\TEST1 ','f','测试！TEST1xaa','test查询  @TEST1\0','bd64_1','y','test@测试！10_1','vwwws_1','cddde');
INSERT 1
> insert into test_select_tag2.tb3 values ('2023-05-10 09:15:15.783','2021-06-10 06:04:15.183',500,5000,60000,500000.505555,5000000.505055,false,'c','test测试！！！@TEST1 ','n','类型测试1()*  ',null,null,'255测试1cdf~# ','@TEST1  ','abc255测试1()*&^%{}','deg4096测试1(','b','查询1023_2','tes_测试1',b'\xaa\xaa\xaa',b'\xbb\xcc\xbb\xbb',
7,200,2000,false,-10.123,500.578578,'c','test测试！！！@TEST1  ','g','" \','\0test查询！！！@TEST1\0','64_3','t','es1023_2','\\f','tes4096_2');
INSERT 1
> select t1,t2,t3,t4 from test_select_tag2.tb where t2 is null and t4 = false order by k_timestamp;
  t1 |  t2  |  t3  |  t4
-----+------+------+--------
   1 | NULL | 7000 | false
(1 row)
> select t1,t2,t3,t4 from test_select_tag2.tb where t2 is null or t4 = false order by k_timestamp;
    t1   |     t2      |          t3          |  t4
---------+-------------+----------------------+--------
       1 | NULL        |                 7000 | false
  -32678 | -2147483648 | -9223372036854775808 | false
       4 |         400 |                 4000 | false
       5 | NULL        |                 6000 | true
       6 |         100 |                 1000 | false
(5 rows)
> select t1,t2 from test_select_tag2.tb where t1 = -32768 and t2 is null order by k_timestamp;
  t1 | t2
-----+-----
(0 rows)
> select t3,t4 from test_select_tag2.tb where t3 <= 7000 and t4 = true order by k_timestamp;
   t3  |  t4
-------+-------
  6000 | true
  2000 | true
(2 rows)
> select t5,t6,t7 from test_select_tag2.tb where t5 <= 1 or t6 > 100.111111 or t7 in('a','b') order by k_timestamp;
            t5           |     t6      | t7
-------------------------+-------------+-----
               70.707703 | 700.5675675 | a
  -9.223372036854776e+18 |  100.111111 | b
  9.223372036854776e+18  |  500.578578 | c
                  50.555 |  500.578578 | d
               60.606602 |  600.123455 | a
                 -10.123 |  100.111111 | b
                 -10.123 |  500.578578 | c
(7 rows)
> select t6,t8,t9 from test_select_tag2.tb where t8 in('test测试！！！@TEST1  ') and t9 not in('f',null) or t6 between 100.111111 and 100.111111 order by k_timestamp desc;
      t6     |          t8           | t9
-------------+-----------------------+-----
  100.111111 | \\TEST1               | f
  100.111111 | test测试！！！@TEST1  | f
(2 rows)
> select t11,t12 from test_select_tag2.tb where t11 in('\0test查询  @TEST1\0',null) or t12 >'chch4_1' order by k_timestamp;--bug
          t11          |    t12
-----------------------+------------
  NULL                 | vvvaa64_1
  \0test查询  @TEST1\0 | \
(2 rows)
> select t11 from test_select_tag2.tb where t11 in(null,'\0test查询  @TEST1\0') order by k_timestamp;--bug
          t11
------------------------
  \0test查询  @TEST1\0
(1 row)
> select t11 from test_select_tag2.tb where t11 in('\0test查询  @TEST1\0',null) order by k_timestamp;--bug
          t11
------------------------
  \0test查询  @TEST1\0
(1 row)
> select t12 from test_select_tag2.tb where t12 like '%\\' order by k_timestamp;--bug
  t12
-------
  \\
(1 row)
> select t12 from test_select_tag2.tb where t12 like '%\\\\' order by k_timestamp;--bug
  t12
-------
(0 rows)
> select t10,t11,t12 from test_select_tag2.tb where t10 like '"%' or t11 is null or t11 in('\0test查询！！！@TEST1\0','\0test查询！！！@TEST1\0') order by k_timestamp;
  t10 |           t11            |    t12
------+--------------------------+------------
  \a  | NULL                     | vvvaa64_1
  " \ | \0test查询！！！@TEST1\0 | 64_3
      | NULL                     | chch4_1
  " \ | \0test查询！！！@TEST1\0 | 64_3
(4 rows)
> select t8,t10 from test_select_tag2.tb where t8 > 'test测试！！！@TEST1'  order by k_timestamp;
            t8           |        t10
-------------------------+---------------------
  test测试！！！@TEST1   | test测试！TEST1xaa
  test测试！！！@TEST1   | " \
  test测试！！！@TEST1   | " \
(3 rows)
> select t8,t10 from test_select_tag2.tb where t8 >= 'test测试！！！@TEST1 ' and t10 like '"_\'  order by k_timestamp;
            t8           | t10
-------------------------+------
  test测试！！！@TEST1   | " \
  test测试！！！@TEST1   | " \
(2 rows)
> select t1,t4 from test_select_tag2.tb where t1 is not null and t4 = false order by k_timestamp;
    t1   |  t4
---------+--------
       1 | false
  -32678 | false
       4 | false
       6 | false
(4 rows)
> select t8,t12 from test_select_tag2.tb where t8 in('') or t12 in('vvvaa64_1') order by k_timestamp;
           t8          |    t12
-----------------------+------------
  test测试！！！@TEST1 | vvvaa64_1
(1 row)
> select t2,t7,t9,t10 from test_select_tag2.tb2 where t2 is null and t9 not in('e','f') or t7 in('a','b','c') and t10 is not null order by k_timestamp;
  t2  | t7 | t9 |      t10
------+----+----+-----------------
  600 | a  | e  | \a
  100 | b  | f  | 测试！TEST1xaa
(2 rows)
> select t3,t11,t13,t14 from test_select_tag2.tb3 where t3 = 2000 and t11 = '\0test查询！！！@TEST1\0' and t13 = 't' and t14 = 'es1023_2' order by k_timestamp;
  t3 | t11 | t13 | t14
-----+-----+-----+------
(0 rows)
> select t1,t4,t5 from test_select_tag2.tb where t1 is not null and t4 = false and t5 >= 50.555 order by k_timestamp;
  t1 |  t4   |    t5
-----+-------+------------
   1 | false | 70.707703
   4 | false |    50.555
(2 rows)
> select t6,t8,t12 from test_select_tag2.tb where t8 in('test测试！！！@TEST1  ','test测试！！！@TEST1') or t12 in(e'\\\\') order by k_timestamp;--bug
      t6      |           t8           |    t12
--------------+------------------------+------------
  700.5675675 | test测试！！！@TEST1   | vvvaa64_1
   500.578578 | test测试！！！@TEST1   | 64_3
   500.578578 | \\test测试！！！@TEST1 | \\
   600.123455 | test测试！！！@TEST1   | chch4_1
   500.578578 | test测试！！！@TEST1   | 64_3
(5 rows)
> select t2,t7,t9,t11,t10 from test_select_tag2.tb2 where t2 is null and t9 not in('nchar254_5','nchar254_6') or t7 in('a','b','c') and t11 is not null order by k_timestamp;
  t2  | t7 | t9 |        t11         |      t10
------+----+----+--------------------+-----------------
  100 | b  | f  | test查询  @TEST1\0 | 测试！TEST1xaa
(1 row)
> select t3,t12,t9 from test_select_tag2.tb3 where t3 = 3000 order by k_timestamp;
  t3 | t12 | t9
-----+-----+-----
(0 rows)
> select e8,t6,t8,t10 from test_select_tag2.tb where e8 < 't' and t8 in('char1023_1','char1023_4') or t10 in('0') order by k_timestamp;--bug
  e8 | t6 | t8 | t10
-----+----+----+------
(0 rows)
> select e19,t2,t7,t9,t11 from test_select_tag2.tb2 where t2 is null and t9 not in('nchar254_5','nchar254_6') or t7 in('a','b','c') and t11 is not null order by k_timestamp;--bug
                                                                                                     e19                                                                                                     | t2  | t7 | t9 |        t11
-------------------------------------------------------------------------------------------------------------------------------------------------------------------------------------------------------------+-----+----+----+---------------------
  \x6573313032335f300000000000000000000000000000000000000000000000000000000000000000000000000000000000000000000000000000000000000000000000000000000000000000000000000000000000000000000000000000000000000000 | 100 | b  | f  | test查询  @TEST1\0
(1 row)
> select e20,t3,t10,t13,t14 from test_select_tag2.tb3 where t3 = 7000 and t10 like '"_\' and t13 in('e','t') or t14 not in('bytes1023_1','bytes1023_3') or t16 > 'varbytes4096_1' order by k_timestamp;--bug
                                                                                                                                                                                                         e20                                                                                                                                                                                                         |  t3  | t10 | t13  |                                                                                                    t14
---------------------------------------------------------------------------------------------------------------------------------------------------------------------------------------------------------------------------------------------------------------------------------------------------------------------------------------------------------------------------------------------------------------------+------+-----+------+-------------------------------------------------------------------------------------------------------------------------------------------------------------------------------------------------------------
  \x7465735fe6b58be8af9531000000000000000000000000000000000000000000000000000000000000000000000000000000000000000000000000000000000000000000000000000000000000000000000000000000000000000000000000000000000000000000000000000000000000000000000000000000000000000000000000000000000000000000000000000000000000000000000000000000000000000000000000000000000000000000000000000000000000000000000000000000000000000000 | 2000 | " \ | \x74 | \x6573313032335f320000000000000000000000000000000000000000000000000000000000000000000000000000000000000000000000000000000000000000000000000000000000000000000000000000000000000000000000000000000000000000
(1 row)
> drop table test_select_tag2.tb cascade;
DROP TABLE
> drop table test_select_tag2.tb2 cascade;
DROP TABLE
> drop table test_select_tag2.tb3 cascade;
DROP TABLE
> use defaultdb;drop database test_select_tag2 cascade;
DROP DATABASE
> use defaultdb;drop database test_select_tag3 cascade;
ERROR: database "test_select_tag3" does not exist
SQLSTATE: 3D000
> create ts database test_select_tag3;
CREATE TS DATABASE
> create table test_select_tag3.tb(k_timestamp timestamptz not null,e1 timestamptz,e2 int2,e3 int,e4 int8,e5 float4,e6 float8,e7 bool,e8 char,e9 char(100),e10 nchar,e11 nchar(255),e12 varchar,e13 varchar(254),e14 varchar(4096),e15 nchar(100),e16 nchar(255),e17 nchar(255),e18 bytes,e19 bytes(100),e20 bytes(200),e21 bytes(254),e22 bytes(200)) tags (t1 int2 not null,t2 int,t3 int8,t4 bool not null,t5 float4,t6 float8,t7 char,t8 char(100) not null,t9 nchar,t10 nchar(254),t11 varchar,t12 varchar(128) not null,t13 bytes,t14 bytes(100),t15 bytes(100),t16 bytes(200)) primary tags(t1,t4,t8,t12);
CREATE TABLE
> create table test_select_tag3.tb2(k_timestamp timestamptz not null,e1 timestamptz,e2 int2,e3 int,e4 int8,e5 float4,e6 float8,e7 bool,e8 char,e9 char(100),e10 nchar,e11 nchar(255),e12 varchar,e13 varchar(254),e14 varchar(4096),e15 nchar(100),e16 nchar(255),e17 nchar(255),e18 bytes,e19 bytes(100),e20 bytes(200),e21 bytes(254),e22 bytes(200)) tags (t1 int2,t2 int not null,t3 int8,t4 bool,t5 float4,t6 float8,t7 char not null,t8 char(100),t9 nchar not null,t10 nchar(254) not null,t11 varchar,t12 varchar(128),t13 bytes,t14 bytes(100),t15 bytes(100),t16 bytes(200)) primary tags(t2,t7,t9,t10);
CREATE TABLE
> create table test_select_tag3.tb3(k_timestamp timestamptz not null,e1 timestamptz,e2 int2,e3 int,e4 int8,e5 float4,e6 float8,e7 bool,e8 char,e9 char(100),e10 nchar,e11 nchar(255),e12 varchar,e13 varchar(254),e14 varchar(4096),e15 nchar(100),e16 nchar(255),e17 nchar(255),e18 bytes,e19 bytes(100),e20 bytes(200),e21 bytes(254),e22 bytes(200)) tags (t1 int2,t2 int,t3 int8 not null,t4 bool,t5 float4,t6 float8,t7 char,t8 char(100),t9 nchar,t10 nchar(254),t11 varchar not null,t12 varchar(128),t13 bytes not null,t14 bytes(100) not null,t15 bytes(100),t16 bytes(200)) primary tags(t3,t11,t13,t14);
CREATE TABLE
> insert into test_select_tag3.tb values ('2020-11-06 17:10:23','1970-01-01 08:00:00',700,7000,70000,700000.707,7000000.1010101,true,null,null,null,null,null,null,null,null,null,null,null,null,null,null,null,
1,null,7000,false,70.7077,700.5675675,'a','test测试！！！@TEST1','e','\a',null,'vvvaa64_1','b','test测试1023_1','vwwws测试_1','aaabbb');
INSERT 1
> insert into test_select_tag3.tb values ('2020-11-06 17:10:55.123','2019-12-06 18:10:23',100,3000,40000,600000.60612,4000000.4040404,false,' ',' ',' ',' ',' ',' ',' ',null,'','','','','','',null,
-32678,-2147483648,-9223372036854775808,false,-9223372036854775807.12345,100.111111,'b','test测试！！！@TEST1 ','f','test测试！TEST1xaa','\0test查询  @TEST1\0',e'\\','y','test@@测试！1023_1','vwwws测试_1','cccddde');
INSERT 1
> insert into test_select_tag3.tb values ('2022-05-01 12:10:23.456','2020-05-01 17:00:00',500,5000,60000,500000.505555,5000000.505055,false,'c','test测试！！！@TEST1 ','n','类型测试1()*  ','test！@TEST1  ',e'\\','255测试1cdf~# ','@TEST1  ','abc255测试1()*&^%{}','deg4096测试1(','b','查询1023_2','tes_测试1',b'\xaa\xbb\xcc',b'\xaa\xaa\xbb\xbb',
32767,2147483647,9223372036854775807,true,9223372036854775806.12345,500.578578,'c','test测试！！！@TEST1  ','g','" \','\0test查询！！！@TEST1\0','64_3','t','es1023_2','\\f','tes4096_2');
INSERT 1
> insert into test_select_tag3.tb values ('2022-05-01 12:10:25','2020-05-01 20:30:00',500,5000,50000,-500000.505,-5000000.505055,true,'h', 'ar2  ', 'c', 'r255测试2()*&^%{}','\\\\', 'v255测试1cdf~#   ', 'lengthis4096  测试%&!','ar-1', 'ar255()*&^%{}  ','6_1测试1&^%{} ','y', 's1023_1','ytes_2', null,b'\xcc\xcc\xdd\xdd',
4,400,4000,false,50.555,500.578578,'d','\\test测试！！！@TEST1','e','test测试！T  EST1xaa','\0test查询！！！@TEST1\0 ',e'\\\\','e','es1023_2','s_ 4','ww4096_2');
INSERT 1
> insert into test_select_tag3.tb values ('2023-05-10 09:08:18.223','2021-05-10 09:04:18.223',600,6000,60000,600000.666,666660.101011,true,'r', 'a r3', 'a', 'r255测试1(){}','varchar  中文1', null, 'hof4096查询test%%&!   ',null, 'ar255{}', 'ar4096测试1%{}','e','es1023_0', null, b'\xbb\xee\xff', null,
5,null,6000,true,60.6066,600.123455,'a','test测试！！！@TEST1','e',e'\a',null,'chch4_1','b','test测试10_1','vwwws中文_1',null);
INSERT 1
> insert into test_select_tag3.tb values ('2023-05-10 09:08:19.22','2021-06-01 10:00:00',100,3000,40000,600000.60612,4000000.4040404,false,'r', '\a r3', 'a', 'r255测试1{}','varchar  中文1', null, 'hof4096查询test%&!   ',null, 'ar255{}', 'ar96测试1%{}','e','es1023_0', null, b'\xcc\xee\xdd', null,
6,100,1000,false,-10.123,100.111111,'b','\\TEST1 ','f','测试！TEST1xaa','test查询  @TEST1\0','bd64_1','y','test@测试！10_1','vwwws_1','cddde');
INSERT 1
> insert into test_select_tag3.tb values ('2023-05-10 09:15:15.783','2021-06-10 06:04:15.183',500,5000,60000,500000.505555,5000000.505055,false,'c','test测试！！！@TEST1 ','n','类型测试1()*  ',null,null,'255测试1cdf~# ','@TEST1  ','abc255测试1()*&^%{}','deg4096测试1(','b','查询1023_2','tes_测试1',b'\xaa\xaa\xaa',b'\xbb\xcc\xbb\xbb',
7,200,2000,true,-10.123,500.578578,'c','test测试！！！@TEST1  ','g','" \','\0test查询！！！@TEST1\0','64_3','t','es1023_2','\\f','tes4096_2');
INSERT 1
> insert into test_select_tag3.tb2 values ('2023-05-10 09:08:18.223','2021-05-10 09:04:18.223',600,6000,60000,600000.666,666660.101011,true,'r', 'a r3', 'a', 'r255测试1(){}','varchar  中文1', null, 'hof4096查询test%%&!   ',null, 'ar255{}', 'ar4096测试1%{}','e','es1023_0', null, b'\xbb\xee\xff', null,
5,600,6000,false,60.6066,600.123455,'a','test测试！！！@TEST1','e','\a',null,'chch4_1','b','test测试10_1','vwwws中文_1',null);
INSERT 1
> insert into test_select_tag3.tb2 values ('2023-05-10 09:08:19.22','2021-06-01 10:00:00',100,3000,40000,600000.60612,4000000.4040404,false,'r', '\a r3', 'a', 'r255测试1{}','varchar  中文1', null, 'hof4096查询test%&!   ',null, 'ar255{}', 'ar96测试1%{}','e','es1023_0', null, b'\xcc\xee\xdd', null,
6,100,1000,true,-10.123,100.111111,'b','\\TEST1 ','f','测试！TEST1xaa','test查询  @TEST1\0','bd64_1','y','test@测试！10_1','vwwws_1','cddde');
INSERT 1
> insert into test_select_tag3.tb3 values ('2023-05-10 09:15:15.783','2021-06-10 06:04:15.183',500,5000,60000,500000.505555,5000000.505055,false,'c','test测试！！！@TEST1 ','n','类型测试1()*  ',null,null,'255测试1cdf~# ','@TEST1  ','abc255测试1()*&^%{}','deg4096测试1(','b','查询1023_2','tes_测试1',b'\xaa\xaa\xaa',b'\xbb\xcc\xbb\xbb',
7,200,2000,false,-10.123,500.578578,'c','test测试！！！@TEST1  ','g','" \','\0test查询！！！@TEST1\0','64_3','t','es1023_2','\\f','tes4096_2');
INSERT 1
> select t1,t2,t3 from test_select_tag3.tb where t2 < 500 group by t1,t2,t3 order by k_timestamp;
ERROR: column "k_timestamp" must appear in the GROUP BY clause or be used in an aggregate function
SQLSTATE: 42803
> select t4,t5,t6,t11 from test_select_tag3.tb where t4 = false group by t4,t5,t6,t11 order by k_timestamp,t4,t5,t6;
ERROR: column "k_timestamp" must appear in the GROUP BY clause or be used in an aggregate function
SQLSTATE: 42803
> select t4 from test_select_tag3.tb where t4 in(true,false) group by t4 order by k_timestamp;
ERROR: column "k_timestamp" must appear in the GROUP BY clause or be used in an aggregate function
SQLSTATE: 42803
> select t1,t8,t10 from test_select_tag3.tb where t1 between 0 and 10 group by t1,t8,t12 order by k_timestamp;--bug
ERROR: column "t10" must appear in the GROUP BY clause or be used in an aggregate function
SQLSTATE: 42803
> select t2,t7,t9,t11 from test_select_tag3.tb2 where t2 >= 200 and t2 <= 600 and t9 not in('f') group by t2,t7,t9,t11 order by k_timestamp;
ERROR: column "k_timestamp" must appear in the GROUP BY clause or be used in an aggregate function
SQLSTATE: 42803
> select t3,t12 from test_select_tag3.tb3 where t10 like '"_\' group by t3,t10,t13,t14 order by k_timestamp;--bug
ERROR: column "t12" must appear in the GROUP BY clause or be used in an aggregate function
SQLSTATE: 42803
> select t4 from test_select_tag3.tb where t4 in(true,false) group by t4 order by k_timestamp;
ERROR: column "k_timestamp" must appear in the GROUP BY clause or be used in an aggregate function
SQLSTATE: 42803
> select t1,t5,t12 from test_select_tag3.tb where t1 between 3 and 6 group by t1,t5,t12 order by k_timestamp;
ERROR: column "k_timestamp" must appear in the GROUP BY clause or be used in an aggregate function
SQLSTATE: 42803
> select t2,t7,t6,t9 from test_select_tag3.tb2 where t2 >= 200 or t2 <= 600 or t6 in(100.111111,700.567568) and t7 not in('c','d') group by t2,t7,t9,t11 order by k_timestamp;
ERROR: column "t6" must appear in the GROUP BY clause or be used in an aggregate function
SQLSTATE: 42803
> select t3,t10,t11,t14 from test_select_tag3.tb3 where t10 like '"_\' group by t3,t10,t13,t14 order by k_timestamp;
ERROR: column "t11" must appear in the GROUP BY clause or be used in an aggregate function
SQLSTATE: 42803
> select e20,t4 from test_select_tag3.tb where t4 in(true,false) group by e20,t4 order by k_timestamp;
ERROR: column "k_timestamp" must appear in the GROUP BY clause or be used in an aggregate function
SQLSTATE: 42803
> select e15,t1,t5,t12 from test_select_tag3.tb where t1 between 3 and 6 group by t1,t5,t12,e15 order by k_timestamp;--bug
ERROR: column "k_timestamp" must appear in the GROUP BY clause or be used in an aggregate function
SQLSTATE: 42803
> select e2,t2,t7,t6,t9 from test_select_tag3.tb2 where t2 >= 200 or t2 <= 600 or t6 in(100.111111,700.567568) and t7 not in('c','d') group by e2,t2,t7,t6,t9 order by k_timestamp;--bug
ERROR: column "k_timestamp" must appear in the GROUP BY clause or be used in an aggregate function
SQLSTATE: 42803
> select e1,t3,t10,t11,t14 from test_select_tag3.tb3 where t10 like '"_\' group by e1,t3,t10,t13,t14 order by k_timestamp;--bug
ERROR: column "t11" must appear in the GROUP BY clause or be used in an aggregate function
SQLSTATE: 42803
> drop table test_select_tag3.tb cascade;
DROP TABLE
> drop table test_select_tag3.tb2 cascade;
DROP TABLE
> drop table test_select_tag3.tb3 cascade;
DROP TABLE
> use defaultdb;drop database test_select_tag3 cascade;
DROP DATABASE
> use defaultdb;drop database test_select_tag4 cascade;
ERROR: database "test_select_tag4" does not exist
SQLSTATE: 3D000
> create ts database test_select_tag4;
CREATE TS DATABASE
> create table test_select_tag4.tb(k_timestamp timestamptz not null,e1 timestamptz,e2 int2,e3 int,e4 int8,e5 float4,e6 float8,e7 bool,e8 char,e9 char(100),e10 nchar,e11 nchar(255),e12 varchar,e13 varchar(254),e14 varchar(4096),e15 nchar(100),e16 nchar(255),e17 nchar(255),e18 bytes,e19 bytes(100),e20 bytes(200),e21 bytes(254),e22 bytes(200)) tags (t1 int2 not null,t2 int,t3 int8,t4 bool not null,t5 float4,t6 float8,t7 char,t8 char(100) not null,t9 nchar,t10 nchar(254),t11 varchar,t12 varchar(128) not null,t13 bytes,t14 bytes(100),t15 bytes(100),t16 bytes(200)) primary tags(t1,t4,t8,t12);
CREATE TABLE
> create table test_select_tag4.tb2(k_timestamp timestamptz not null,e1 timestamptz,e2 int2,e3 int,e4 int8,e5 float4,e6 float8,e7 bool,e8 char,e9 char(100),e10 nchar,e11 nchar(255),e12 varchar,e13 varchar(254),e14 varchar(4096),e15 nchar(100),e16 nchar(255),e17 nchar(255),e18 bytes,e19 bytes(100),e20 bytes(200),e21 bytes(254),e22 bytes(200)) tags (t1 int2,t2 int not null,t3 int8,t4 bool,t5 float4,t6 float8,t7 char not null,t8 char(100),t9 nchar not null,t10 nchar(254) not null,t11 varchar,t12 varchar(128),t13 bytes,t14 bytes(100),t15 bytes(100),t16 bytes(200)) primary tags(t2,t7,t9,t10);
CREATE TABLE
> create table test_select_tag4.tb3(k_timestamp timestamptz not null,e1 timestamptz,e2 int2,e3 int,e4 int8,e5 float4,e6 float8,e7 bool,e8 char,e9 char(100),e10 nchar,e11 nchar(255),e12 varchar,e13 varchar(254),e14 varchar(4096),e15 nchar(100),e16 nchar(255),e17 nchar(255),e18 bytes,e19 bytes(100),e20 bytes(200),e21 bytes(254),e22 bytes(200)) tags (t1 int2,t2 int,t3 int8 not null,t4 bool,t5 float4,t6 float8,t7 char,t8 char(100),t9 nchar,t10 nchar(254),t11 varchar not null,t12 varchar(128),t13 bytes not null,t14 bytes(100) not null,t15 bytes(100),t16 bytes(200)) primary tags(t3,t11,t13,t14);
CREATE TABLE
> insert into test_select_tag4.tb values ('2020-11-06 17:10:23','1970-01-01 08:00:00',700,7000,70000,700000.707,7000000.1010101,true,null,null,null,null,null,null,null,null,null,null,null,null,null,null,null,
1,null,7000,false,70.7077,700.5675675,'a','test测试！！！@TEST1','e','\a',null,'vvvaa64_1','b','test测试1023_1','vwwws测试_1','aaabbb');
INSERT 1
> insert into test_select_tag4.tb values ('2020-11-06 17:10:55.123','2019-12-06 18:10:23',100,3000,40000,600000.60612,4000000.4040404,false,' ',' ',' ',' ',' ',' ',' ',null,'','','','','','',null,
-32678,-2147483648,-9223372036854775808,false,-9223372036854775807.12345,100.111111,'b','test测试！！！@TEST1 ','f','test测试！TEST1xaa','\0test查询  @TEST1\0',e'\\','y','test@@测试！1023_1','vwwws测试_1','cccddde');
INSERT 1
> insert into test_select_tag4.tb values ('2022-05-01 12:10:23.456','2020-05-01 17:00:00',500,5000,60000,500000.505555,5000000.505055,false,'c','test测试！！！@TEST1 ','n','类型测试1()*  ','test！@TEST1  ',e'\\','255测试1cdf~# ','@TEST1  ','abc255测试1()*&^%{}','deg4096测试1(','b','查询1023_2','tes_测试1',b'\xaa\xbb\xcc',b'\xaa\xaa\xbb\xbb',
32767,2147483647,9223372036854775807,true,9223372036854775806.12345,500.578578,'c','test测试！！！@TEST1  ','g','" \','\0test查询！！！@TEST1\0','64_3','t','es1023_2','\\f','tes4096_2');
INSERT 1
> insert into test_select_tag4.tb values ('2022-05-01 12:10:25','2020-05-01 20:30:00',500,5000,50000,-500000.505,-5000000.505055,true,'h', 'ar2  ', 'c', 'r255测试2()*&^%{}','\\\\', 'v255测试1cdf~#   ', 'lengthis4096  测试%&!','ar-1', 'ar255()*&^%{}  ','6_1测试1&^%{} ','y', 's1023_1','ytes_2', null,b'\xcc\xcc\xdd\xdd',
4,400,4000,false,50.555,500.578578,'d','\\test测试！！！@TEST1','e','test测试！T  EST1xaa','\0test查询！！！@TEST1\0 ',e'\\\\','e','es1023_2','s_ 4','ww4096_2');
INSERT 1
> insert into test_select_tag4.tb values ('2023-05-10 09:08:18.223','2021-05-10 09:04:18.223',600,6000,60000,600000.666,666660.101011,true,'r', 'a r3', 'a', 'r255测试1(){}','varchar  中文1', null, 'hof4096查询test%%&!   ',null, 'ar255{}', 'ar4096测试1%{}','e','es1023_0', null, b'\xbb\xee\xff', null,
5,null,6000,true,60.6066,600.123455,'a','test测试！！！@TEST1','e',e'\a',null,'chch4_1','b','test测试10_1','vwwws中文_1',null);
INSERT 1
> insert into test_select_tag4.tb values ('2023-05-10 09:08:19.22','2021-06-01 10:00:00',100,3000,40000,600000.60612,4000000.4040404,false,'r', '\a r3', 'a', 'r255测试1{}','varchar  中文1', null, 'hof4096查询test%&!   ',null, 'ar255{}', 'ar96测试1%{}','e','es1023_0', null, b'\xcc\xee\xdd', null,
6,100,1000,false,-10.123,100.111111,'b','\\TEST1 ','f','测试！TEST1xaa','test查询  @TEST1\0','bd64_1','y','test@测试！10_1','vwwws_1','cddde');
INSERT 1
> insert into test_select_tag4.tb values ('2023-05-10 09:15:15.783','2021-06-10 06:04:15.183',500,5000,60000,500000.505555,5000000.505055,false,'c','test测试！！！@TEST1 ','n','类型测试1()*  ',null,null,'255测试1cdf~# ','@TEST1  ','abc255测试1()*&^%{}','deg4096测试1(','b','查询1023_2','tes_测试1',b'\xaa\xaa\xaa',b'\xbb\xcc\xbb\xbb',
7,200,2000,true,-10.123,500.578578,'c','test测试！！！@TEST1  ','g','" \','\0test查询！！！@TEST1\0','64_3','t','es1023_2','\\f','tes4096_2');
INSERT 1
> insert into test_select_tag4.tb2 values ('2023-05-10 09:08:18.223','2021-05-10 09:04:18.223',600,6000,60000,600000.666,666660.101011,true,'r', 'a r3', 'a', 'r255测试1(){}','varchar  中文1', null, 'hof4096查询test%%&!   ',null, 'ar255{}', 'ar4096测试1%{}','e','es1023_0', null, b'\xbb\xee\xff', null,
5,600,6000,false,60.6066,600.123455,'a','test测试！！！@TEST1','e','\a',null,'chch4_1','b','test测试10_1','vwwws中文_1',null);
INSERT 1
> insert into test_select_tag4.tb2 values ('2023-05-10 09:08:19.22','2021-06-01 10:00:00',100,3000,40000,600000.60612,4000000.4040404,false,'r', '\a r3', 'a', 'r255测试1{}','varchar  中文1', null, 'hof4096查询test%&!   ',null, 'ar255{}', 'ar96测试1%{}','e','es1023_0', null, b'\xcc\xee\xdd', null,
6,100,1000,true,-10.123,100.111111,'b','\\TEST1 ','f','测试！TEST1xaa','test查询  @TEST1\0','bd64_1','y','test@测试！10_1','vwwws_1','cddde');
INSERT 1
> insert into test_select_tag4.tb3 values ('2023-05-10 09:15:15.783','2021-06-10 06:04:15.183',500,5000,60000,500000.505555,5000000.505055,false,'c','test测试！！！@TEST1 ','n','类型测试1()*  ',null,null,'255测试1cdf~# ','@TEST1  ','abc255测试1()*&^%{}','deg4096测试1(','b','查询1023_2','tes_测试1',b'\xaa\xaa\xaa',b'\xbb\xcc\xbb\xbb',
7,200,2000,false,-10.123,500.578578,'c','test测试！！！@TEST1  ','g','" \','\0test查询！！！@TEST1\0','64_3','t','es1023_2','\\f','tes4096_2');
INSERT 1
> select t1,t2,t3,t4,t5,t6 from test_select_tag4.tb where t2 is not null order by k_timestamp,t1,t2,t3,t4,t5,t6;
    t1   |     t2      |          t3          |  t4   |           t5           |     t6
---------+-------------+----------------------+-------+------------------------+-------------
  -32678 | -2147483648 | -9223372036854775808 | false | -9.223372036854776e+18 | 100.111111
   32767 |  2147483647 |  9223372036854775807 | true  | 9.223372036854776e+18  | 500.578578
       4 |         400 |                 4000 | false |                 50.555 | 500.578578
       6 |         100 |                 1000 | false |                -10.123 | 100.111111
       7 |         200 |                 2000 | true  |                -10.123 | 500.578578
(5 rows)
> select t7,t8,t9,t10 from test_select_tag4.tb order by k_timestamp,t7,t8 asc, t9 desc;
  t7 |           t8           | t9 |         t10
-----+------------------------+----+-----------------------
  a  | test测试！！！@TEST1   | e  | \a
  b  | test测试！！！@TEST1   | f  | test测试！TEST1xaa
  c  | test测试！！！@TEST1   | g  | " \
  d  | \\test测试！！！@TEST1 | e  | test测试！T  EST1xaa
  a  | test测试！！！@TEST1   | e  | 
  b  | \\TEST1                | f  | 测试！TEST1xaa
  c  | test测试！！！@TEST1   | g  | " \
(7 rows)
> select t4 from test_select_tag4.tb where t4 < true order by k_timestamp, t4 desc;
   t4
---------
  false
  false
  false
  false
(4 rows)
> select t2,t7,t9,t11 from test_select_tag4.tb2 where t2 is not null order by k_timestamp,t1,t2,t3;
  t2  | t7 | t9 |        t11
------+----+----+---------------------
  600 | a  | e  | NULL
  100 | b  | f  | test查询  @TEST1\0
(2 rows)
> select t3,t12,t14 from test_select_tag4.tb3 order by k_timestamp, t3,t12 asc, t14 desc;
   t3  | t12  |                                                                                                    t14
-------+------+-------------------------------------------------------------------------------------------------------------------------------------------------------------------------------------------------------------
  2000 | 64_3 | \x6573313032335f320000000000000000000000000000000000000000000000000000000000000000000000000000000000000000000000000000000000000000000000000000000000000000000000000000000000000000000000000000000000000000
(1 row)
> select t4,t5,t6 from test_select_tag4.tb where t4 < true order by k_timestamp;
   t4   |           t5           |     t6
--------+------------------------+--------------
  false |              70.707703 | 700.5675675
  false | -9.223372036854776e+18 |  100.111111
  false |                 50.555 |  500.578578
  false |                -10.123 |  100.111111
(4 rows)
> select t2,t3,t9,t11 from test_select_tag4.tb2 where t2 is not null order by k_timestamp,t1,t2,t9;
  t2  |  t3  | t9 |        t11
------+------+----+---------------------
  600 | 6000 | e  | NULL
  100 | 1000 | f  | test查询  @TEST1\0
(2 rows)
> select t10,t12,t13,t14 from test_select_tag4.tb3 order by k_timestamp,t10,t12 asc, t14 desc;
  t10 | t12  | t13  |                                                                                                    t14
------+------+------+-------------------------------------------------------------------------------------------------------------------------------------------------------------------------------------------------------------
  " \ | 64_3 | \x74 | \x6573313032335f320000000000000000000000000000000000000000000000000000000000000000000000000000000000000000000000000000000000000000000000000000000000000000000000000000000000000000000000000000000000000000
(1 row)
> select k_timestamp,t4,t5,t6 from test_select_tag4.tb where t4 < false order by k_timestamp desc;
  k_timestamp | t4 | t5 | t6
--------------+----+----+-----
(0 rows)
> select e2,e3,t2,t3,t9,t11 from test_select_tag4.tb2 where t2 is not null order by k_timestamp, t1,t2,t9;
  e2  |  e3  | t2  |  t3  | t9 |        t11
------+------+-----+------+----+---------------------
  600 | 6000 | 600 | 6000 | e  | NULL
  100 | 3000 | 100 | 1000 | f  | test查询  @TEST1\0
(2 rows)
> select e8,e10,t10,t12,t13,t14 from test_select_tag4.tb3 order by k_timestamp,t10,e10 asc, t14 desc;
  e8 | e10 | t10 | t12  | t13  |                                                                                                    t14
-----+-----+-----+------+------+-------------------------------------------------------------------------------------------------------------------------------------------------------------------------------------------------------------
  c  | n   | " \ | 64_3 | \x74 | \x6573313032335f320000000000000000000000000000000000000000000000000000000000000000000000000000000000000000000000000000000000000000000000000000000000000000000000000000000000000000000000000000000000000000
(1 row)
> drop table test_select_tag4.tb cascade;
DROP TABLE
> drop table test_select_tag4.tb2 cascade;
DROP TABLE
> drop table test_select_tag4.tb3 cascade;
DROP TABLE
> use defaultdb;drop database test_select_tag4 cascade;
DROP DATABASE
> use defaultdb;drop database test_select_tag5 cascade;
ERROR: database "test_select_tag5" does not exist
SQLSTATE: 3D000
> create ts database test_select_tag5;
CREATE TS DATABASE
> create table test_select_tag5.tb(k_timestamp timestamptz not null,e1 timestamptz,e2 int2,e3 int,e4 int8,e5 float4,e6 float8,e7 bool,e8 char,e9 char(100),e10 nchar,e11 nchar(255),e12 varchar,e13 varchar(254),e14 varchar(4096),e15 nchar(100),e16 nchar(255),e17 nchar(255),e18 bytes,e19 bytes(100),e20 bytes(200),e21 bytes(254),e22 bytes(200)) tags (t1 int2 not null,t2 int,t3 int8,t4 bool not null,t5 float4,t6 float8,t7 char,t8 char(100) not null,t9 nchar,t10 nchar(254),t11 varchar,t12 varchar(128) not null,t13 bytes,t14 bytes(100),t15 bytes(100),t16 bytes(200)) primary tags(t1,t4,t8,t12);
CREATE TABLE
> create table test_select_tag5.tb2(k_timestamp timestamptz not null,e1 timestamptz,e2 int2,e3 int,e4 int8,e5 float4,e6 float8,e7 bool,e8 char,e9 char(100),e10 nchar,e11 nchar(255),e12 varchar,e13 varchar(254),e14 varchar(4096),e15 nchar(100),e16 nchar(255),e17 nchar(255),e18 bytes,e19 bytes(100),e20 bytes(200),e21 bytes(254),e22 bytes(200)) tags (t1 int2,t2 int not null,t3 int8,t4 bool,t5 float4,t6 float8,t7 char not null,t8 char(100),t9 nchar not null,t10 nchar(254) not null,t11 varchar,t12 varchar(128),t13 bytes,t14 bytes(100),t15 bytes(100),t16 bytes(200)) primary tags(t2,t7,t9,t10);
CREATE TABLE
> create table test_select_tag5.tb3(k_timestamp timestamptz not null,e1 timestamptz,e2 int2,e3 int,e4 int8,e5 float4,e6 float8,e7 bool,e8 char,e9 char(100),e10 nchar,e11 nchar(255),e12 varchar,e13 varchar(254),e14 varchar(4096),e15 nchar(100),e16 nchar(255),e17 nchar(255),e18 bytes,e19 bytes(100),e20 bytes(200),e21 bytes(254),e22 bytes(200)) tags (t1 int2,t2 int,t3 int8 not null,t4 bool,t5 float4,t6 float8,t7 char,t8 char(100),t9 nchar,t10 nchar(254),t11 varchar not null,t12 varchar(128),t13 bytes not null,t14 bytes(100) not null,t15 bytes(100),t16 bytes(200)) primary tags(t3,t11,t13,t14);
CREATE TABLE
> insert into test_select_tag5.tb values ('2020-11-06 17:10:23','1970-01-01 08:00:00',700,7000,70000,700000.707,7000000.1010101,true,null,null,null,null,null,null,null,null,null,null,null,null,null,null,null,
1,null,7000,false,70.7077,700.5675675,'a','test测试！！！@TEST1','e','\a',null,'vvvaa64_1','b','test测试1023_1','vwwws测试_1','aaabbb');
INSERT 1
> insert into test_select_tag5.tb values ('2020-11-06 17:10:55.123','2019-12-06 18:10:23',100,3000,40000,600000.60612,4000000.4040404,false,' ',' ',' ',' ',' ',' ',' ',null,'','','','','','',null,
-32678,-2147483648,-9223372036854775808,false,-9223372036854775807.12345,100.111111,'b','test测试！！！@TEST1 ','f','test测试！TEST1xaa','\0test查询  @TEST1\0',e'\\','y','test@@测试！1023_1','vwwws测试_1','cccddde');
INSERT 1
> insert into test_select_tag5.tb values ('2022-05-01 12:10:23.456','2020-05-01 17:00:00',500,5000,60000,500000.505555,5000000.505055,false,'c','test测试！！！@TEST1 ','n','类型测试1()*  ','test！@TEST1  ',e'\\','255测试1cdf~# ','@TEST1  ','abc255测试1()*&^%{}','deg4096测试1(','b','查询1023_2','tes_测试1',b'\xaa\xbb\xcc',b'\xaa\xaa\xbb\xbb',
32767,2147483647,9223372036854775807,true,9223372036854775806.12345,500.578578,'c','test测试！！！@TEST1  ','g','" \','\0test查询！！！@TEST1\0','64_3','t','es1023_2','\\f','tes4096_2');
INSERT 1
> insert into test_select_tag5.tb values ('2022-05-01 12:10:25','2020-05-01 20:30:00',500,5000,50000,-500000.505,-5000000.505055,true,'h', 'ar2  ', 'c', 'r255测试2()*&^%{}','\\\\', 'v255测试1cdf~#   ', 'lengthis4096  测试%&!','ar-1', 'ar255()*&^%{}  ','6_1测试1&^%{} ','y', 's1023_1','ytes_2', null,b'\xcc\xcc\xdd\xdd',
4,400,4000,false,50.555,500.578578,'d','\\test测试！！！@TEST1','e','test测试！T  EST1xaa','\0test查询！！！@TEST1\0 ',e'\\\\','e','es1023_2','s_ 4','ww4096_2');
INSERT 1
> insert into test_select_tag5.tb values ('2023-05-10 09:08:18.223','2021-05-10 09:04:18.223',600,6000,60000,600000.666,666660.101011,true,'r', 'a r3', 'a', 'r255测试1(){}','varchar  中文1', null, 'hof4096查询test%%&!   ',null, 'ar255{}', 'ar4096测试1%{}','e','es1023_0', null, b'\xbb\xee\xff', null,
5,null,6000,true,60.6066,600.123455,'a','test测试！！！@TEST1','e',e'\a',null,'chch4_1','b','test测试10_1','vwwws中文_1',null);
INSERT 1
> insert into test_select_tag5.tb values ('2023-05-10 09:08:19.22','2021-06-01 10:00:00',100,3000,40000,600000.60612,4000000.4040404,false,'r', '\a r3', 'a', 'r255测试1{}','varchar  中文1', null, 'hof4096查询test%&!   ',null, 'ar255{}', 'ar96测试1%{}','e','es1023_0', null, b'\xcc\xee\xdd', null,
6,100,1000,false,-10.123,100.111111,'b','\\TEST1 ','f','测试！TEST1xaa','test查询  @TEST1\0','bd64_1','y','test@测试！10_1','vwwws_1','cddde');
INSERT 1
> insert into test_select_tag5.tb values ('2023-05-10 09:15:15.783','2021-06-10 06:04:15.183',500,5000,60000,500000.505555,5000000.505055,false,'c','test测试！！！@TEST1 ','n','类型测试1()*  ',null,null,'255测试1cdf~# ','@TEST1  ','abc255测试1()*&^%{}','deg4096测试1(','b','查询1023_2','tes_测试1',b'\xaa\xaa\xaa',b'\xbb\xcc\xbb\xbb',
7,200,2000,true,-10.123,500.578578,'c','test测试！！！@TEST1  ','g','" \','\0test查询！！！@TEST1\0','64_3','t','es1023_2','\\f','tes4096_2');
INSERT 1
> insert into test_select_tag5.tb2 values ('2023-05-10 09:08:18.223','2021-05-10 09:04:18.223',600,6000,60000,600000.666,666660.101011,true,'r', 'a r3', 'a', 'r255测试1(){}','varchar  中文1', null, 'hof4096查询test%%&!   ',null, 'ar255{}', 'ar4096测试1%{}','e','es1023_0', null, b'\xbb\xee\xff', null,
5,600,6000,false,60.6066,600.123455,'a','test测试！！！@TEST1','e','\a',null,'chch4_1','b','test测试10_1','vwwws中文_1',null);
INSERT 1
> insert into test_select_tag5.tb2 values ('2023-05-10 09:08:19.22','2021-06-01 10:00:00',100,3000,40000,600000.60612,4000000.4040404,false,'r', '\a r3', 'a', 'r255测试1{}','varchar  中文1', null, 'hof4096查询test%&!   ',null, 'ar255{}', 'ar96测试1%{}','e','es1023_0', null, b'\xcc\xee\xdd', null,
6,100,1000,true,-10.123,100.111111,'b','\\TEST1 ','f','测试！TEST1xaa','test查询  @TEST1\0','bd64_1','y','test@测试！10_1','vwwws_1','cddde');
INSERT 1
> insert into test_select_tag5.tb3 values ('2023-05-10 09:15:15.783','2021-06-10 06:04:15.183',500,5000,60000,500000.505555,5000000.505055,false,'c','test测试！！！@TEST1 ','n','类型测试1()*  ',null,null,'255测试1cdf~# ','@TEST1  ','abc255测试1()*&^%{}','deg4096测试1(','b','查询1023_2','tes_测试1',b'\xaa\xaa\xaa',b'\xbb\xcc\xbb\xbb',
7,200,2000,false,-10.123,500.578578,'c','test测试！！！@TEST1  ','g','" \','\0test查询！！！@TEST1\0','64_3','t','es1023_2','\\f','tes4096_2');
INSERT 1
> select t11,t12 from test_select_tag5.tb order by k_timestamp,t11,t12 limit 3;
            t11            |    t12
---------------------------+------------
  NULL                     | vvvaa64_1
  \0test查询  @TEST1\0     | \
  \0test查询！！！@TEST1\0 | 64_3
(3 rows)
> select t8,t11 from test_select_tag5.tb order by k_timestamp,t8,t11 limit 1 offset 1;
           t8           |         t11
------------------------+-----------------------
  test测试！！！@TEST1  | \0test查询  @TEST1\0
(1 row)
> select t7 from test_select_tag5.tb order by k_timestamp, t7 desc limit -1;
ERROR: negative value for LIMIT
> select t8,t10 from test_select_tag5.tb order by k_timestamp,t8,t10 limit 3;
            t8           |        t10
-------------------------+---------------------
  test测试！！！@TEST1   | \a
  test测试！！！@TEST1   | test测试！TEST1xaa
  test测试！！！@TEST1   | " \
(3 rows)
> select t2,t11 from test_select_tag5.tb2 where t2 > 100 order by k_timestamp,t2 asc, t11 desc limit 2 offset 3;
  t2 | t11
-----+------
(0 rows)
> select t7 from test_select_tag5.tb2 order by k_timestamp,t7 desc limit -1;
ERROR: negative value for LIMIT
> select t3,t8,t12 from test_select_tag5.tb order by k_timestamp,t3,t8,t12 limit 3;
           t3          |           t8           |    t12
-----------------------+------------------------+------------
                  7000 | test测试！！！@TEST1   | vvvaa64_1
  -9223372036854775808 | test测试！！！@TEST1   | \
   9223372036854775807 | test测试！！！@TEST1   | 64_3
(3 rows)
> select t5,t13,t14 from test_select_tag5.tb2 where t13 = 'b' or t14 in('bytes1023_1','bytes1023_2') order by k_timestamp,t13,t14 limit 1;
     t5     | t13  |                                                                                                    t14
------------+------+-------------------------------------------------------------------------------------------------------------------------------------------------------------------------------------------------------------
  60.606602 | \x62 | \x74657374e6b58be8af9531305f310000000000000000000000000000000000000000000000000000000000000000000000000000000000000000000000000000000000000000000000000000000000000000000000000000000000000000000000000000
(1 row)
> select t2,t6,t11 from test_select_tag5.tb3 where t2 > 100 order by k_timestamp,t2,t6 asc, t11 desc limit 2 offset 3;
  t2 | t6 | t11
-----+----+------
(0 rows)
> select e4,e6,t3,t8,t10 from test_select_tag5.tb order by k_timestamp, e4,t8,t12 limit 3;
   e4   |         e6          |          t3          |           t8           |        t10
--------+---------------------+----------------------+------------------------+---------------------
  70000 | 7.0000001010101e+06 |                 7000 | test测试！！！@TEST1   | \a
  40000 | 4.0000004040404e+06 | -9223372036854775808 | test测试！！！@TEST1   | test测试！TEST1xaa
  60000 | 5.000000505055e+06  |  9223372036854775807 | test测试！！！@TEST1   | " \
(3 rows)
> select t2,t6,t11 from test_select_tag5.tb3 where t2 > 100 order by k_timestamp,t2,t6 asc, t11 desc limit 2 offset 3;
  t2 | t6 | t11
-----+----+------
(0 rows)
> drop table test_select_tag5.tb cascade;
DROP TABLE
> drop table test_select_tag5.tb2 cascade;
DROP TABLE
> drop table test_select_tag5.tb3 cascade;
DROP TABLE
> use defaultdb;drop database test_select_tag5 cascade;
DROP DATABASE
> use defaultdb;drop database test_select_tag6 cascade;
ERROR: database "test_select_tag6" does not exist
SQLSTATE: 3D000
> create ts database test_select_tag6;
CREATE TS DATABASE
> create table test_select_tag6.tb(k_timestamp timestamptz not null,e1 timestamptz,e2 int2,e3 int,e4 int8,e5 float4,e6 float8,e7 bool,e8 char,e9 char(100),e10 nchar,e11 nchar(255),e12 varchar,e13 varchar(254),e14 varchar(4096),e15 nchar(100),e16 nchar(255),e17 nchar(255),e18 bytes,e19 bytes(100),e20 bytes(200),e21 bytes(254),e22 bytes(200)) tags (t1 int2 not null,t2 int,t3 int8,t4 bool not null,t5 float4,t6 float8,t7 char,t8 char(100) not null,t9 nchar,t10 nchar(254),t11 varchar,t12 varchar(128) not null,t13 bytes,t14 bytes(100),t15 bytes(100),t16 bytes(200)) primary tags(t1,t4,t8,t12);
CREATE TABLE
> create table test_select_tag6.tb2(k_timestamp timestamptz not null,e1 timestamptz,e2 int2,e3 int,e4 int8,e5 float4,e6 float8,e7 bool,e8 char,e9 char(100),e10 nchar,e11 nchar(255),e12 varchar,e13 varchar(254),e14 varchar(4096),e15 nchar(100),e16 nchar(255),e17 nchar(255),e18 bytes,e19 bytes(100),e20 bytes(200),e21 bytes(254),e22 bytes(200)) tags (t1 int2,t2 int not null,t3 int8,t4 bool,t5 float4,t6 float8,t7 char not null,t8 char(100),t9 nchar not null,t10 nchar(254) not null,t11 varchar,t12 varchar(128),t13 bytes,t14 bytes(100),t15 bytes(100),t16 bytes(200)) primary tags(t2,t7,t9,t10);
CREATE TABLE
> create table test_select_tag6.tb3(k_timestamp timestamptz not null,e1 timestamptz,e2 int2,e3 int,e4 int8,e5 float4,e6 float8,e7 bool,e8 char,e9 char(100),e10 nchar,e11 nchar(255),e12 varchar,e13 varchar(254),e14 varchar(4096),e15 nchar(100),e16 nchar(255),e17 nchar(255),e18 bytes,e19 bytes(100),e20 bytes(200),e21 bytes(254),e22 bytes(200)) tags (t1 int2,t2 int,t3 int8 not null,t4 bool,t5 float4,t6 float8,t7 char,t8 char(100),t9 nchar,t10 nchar(254),t11 varchar not null,t12 varchar(128),t13 bytes not null,t14 bytes(100) not null,t15 bytes(100),t16 bytes(200)) primary tags(t3,t11,t13,t14);
CREATE TABLE
> insert into test_select_tag6.tb values ('2020-11-06 17:10:23','1970-01-01 08:00:00',700,7000,70000,700000.707,7000000.1010101,true,null,null,null,null,null,null,null,null,null,null,null,null,null,null,null,
1,null,7000,false,70.7077,700.5675675,'a','test测试！！！@TEST1','e','\a',null,'vvvaa64_1','b','test测试1023_1','vwwws测试_1','aaabbb');
INSERT 1
> insert into test_select_tag6.tb values ('2020-11-06 17:10:55.123','2019-12-06 18:10:23',100,3000,40000,600000.60612,4000000.4040404,false,' ',' ',' ',' ',' ',' ',' ',null,'','','','','','',null,
-32678,-2147483648,-9223372036854775808,false,-9223372036854775807.12345,100.111111,'b','test测试！！！@TEST1 ','f','test测试！TEST1xaa','\0test查询  @TEST1\0',e'\\','y','test@@测试！1023_1','vwwws测试_1','cccddde');
INSERT 1
> insert into test_select_tag6.tb values ('2022-05-01 12:10:23.456','2020-05-01 17:00:00',500,5000,60000,500000.505555,5000000.505055,false,'c','test测试！！！@TEST1 ','n','类型测试1()*  ','test！@TEST1  ',e'\\','255测试1cdf~# ','@TEST1  ','abc255测试1()*&^%{}','deg4096测试1(','b','查询1023_2','tes_测试1',b'\xaa\xbb\xcc',b'\xaa\xaa\xbb\xbb',
32767,2147483647,9223372036854775807,true,9223372036854775806.12345,500.578578,'c','test测试！！！@TEST1  ','g','" \','\0test查询！！！@TEST1\0','64_3','t','es1023_2','\\f','tes4096_2');
INSERT 1
> insert into test_select_tag6.tb values ('2022-05-01 12:10:25','2020-05-01 20:30:00',500,5000,50000,-500000.505,-5000000.505055,true,'h', 'ar2  ', 'c', 'r255测试2()*&^%{}','\\\\', 'v255测试1cdf~#   ', 'lengthis4096  测试%&!','ar-1', 'ar255()*&^%{}  ','6_1测试1&^%{} ','y', 's1023_1','ytes_2', null,b'\xcc\xcc\xdd\xdd',
4,400,4000,false,50.555,500.578578,'d','\\test测试！！！@TEST1','e','test测试！T  EST1xaa','\0test查询！！！@TEST1\0 ',e'\\\\','e','es1023_2','s_ 4','ww4096_2');
INSERT 1
> insert into test_select_tag6.tb values ('2023-05-10 09:08:18.223','2021-05-10 09:04:18.223',600,6000,60000,600000.666,666660.101011,true,'r', 'a r3', 'a', 'r255测试1(){}','varchar  中文1', null, 'hof4096查询test%%&!   ',null, 'ar255{}', 'ar4096测试1%{}','e','es1023_0', null, b'\xbb\xee\xff', null,
5,null,6000,true,60.6066,600.123455,'a','test测试！！！@TEST1','e',e'\a',null,'chch4_1','b','test测试10_1','vwwws中文_1',null);
INSERT 1
> insert into test_select_tag6.tb values ('2023-05-10 09:08:19.22','2021-06-01 10:00:00',100,3000,40000,600000.60612,4000000.4040404,false,'r', '\a r3', 'a', 'r255测试1{}','varchar  中文1', null, 'hof4096查询test%&!   ',null, 'ar255{}', 'ar96测试1%{}','e','es1023_0', null, b'\xcc\xee\xdd', null,
6,100,1000,false,-10.123,100.111111,'b','\\TEST1 ','f','测试！TEST1xaa','test查询  @TEST1\0','bd64_1','y','test@测试！10_1','vwwws_1','cddde');
INSERT 1
> insert into test_select_tag6.tb values ('2023-05-10 09:15:15.783','2021-06-10 06:04:15.183',500,5000,60000,500000.505555,5000000.505055,false,'c','test测试！！！@TEST1 ','n','类型测试1()*  ',null,null,'255测试1cdf~# ','@TEST1  ','abc255测试1()*&^%{}','deg4096测试1(','b','查询1023_2','tes_测试1',b'\xaa\xaa\xaa',b'\xbb\xcc\xbb\xbb',
7,200,2000,true,-10.123,500.578578,'c','test测试！！！@TEST1  ','g','" \','\0test查询！！！@TEST1\0','64_3','t','es1023_2','\\f','tes4096_2');
INSERT 1
> insert into test_select_tag6.tb2 values ('2023-05-10 09:08:18.223','2021-05-10 09:04:18.223',600,6000,60000,600000.666,666660.101011,true,'r', 'a r3', 'a', 'r255测试1(){}','varchar  中文1', null, 'hof4096查询test%%&!   ',null, 'ar255{}', 'ar4096测试1%{}','e','es1023_0', null, b'\xbb\xee\xff', null,
5,600,6000,false,60.6066,600.123455,'a','test测试！！！@TEST1','e','\a',null,'chch4_1','b','test测试10_1','vwwws中文_1',null);
INSERT 1
> insert into test_select_tag6.tb2 values ('2023-05-10 09:08:19.22','2021-06-01 10:00:00',100,3000,40000,600000.60612,4000000.4040404,false,'r', '\a r3', 'a', 'r255测试1{}','varchar  中文1', null, 'hof4096查询test%&!   ',null, 'ar255{}', 'ar96测试1%{}','e','es1023_0', null, b'\xcc\xee\xdd', null,
6,100,1000,true,-10.123,100.111111,'b','\\TEST1 ','f','测试！TEST1xaa','test查询  @TEST1\0','bd64_1','y','test@测试！10_1','vwwws_1','cddde');
INSERT 1
> insert into test_select_tag6.tb3 values ('2023-05-10 09:15:15.783','2021-06-10 06:04:15.183',500,5000,60000,500000.505555,5000000.505055,false,'c','test测试！！！@TEST1 ','n','类型测试1()*  ',null,null,'255测试1cdf~# ','@TEST1  ','abc255测试1()*&^%{}','deg4096测试1(','b','查询1023_2','tes_测试1',b'\xaa\xaa\xaa',b'\xbb\xcc\xbb\xbb',
7,200,2000,false,-10.123,500.578578,'c','test测试！！！@TEST1  ','g','" \','\0test查询！！！@TEST1\0','64_3','t','es1023_2','\\f','tes4096_2');
INSERT 1
> drop table test_select_tag6.tb cascade;
DROP TABLE
> drop table test_select_tag6.tb2 cascade;
DROP TABLE
> drop table test_select_tag6.tb3 cascade;
DROP TABLE
> use defaultdb;drop database test_select_tag6 cascade;
DROP DATABASE
> use defaultdb;drop database test_select_tag7 cascade;
ERROR: database "test_select_tag7" does not exist
SQLSTATE: 3D000
> create ts database test_select_tag7;
CREATE TS DATABASE
> create table test_select_tag7.tb(k_timestamp timestamptz not null,e1 timestamptz,e2 int2,e3 int,e4 int8,e5 float4,e6 float8,e7 bool,e8 char,e9 char(100),e10 nchar,e11 nchar(255),e12 varchar,e13 varchar(254),e14 varchar(4096),e15 nchar(100),e16 nchar(255),e17 nchar(255),e18 bytes,e19 bytes(100),e20 bytes(200),e21 bytes(254),e22 bytes(200)) tags (t1 int2 not null,t2 int,t3 int8,t4 bool not null,t5 float4,t6 float8,t7 char,t8 char(100) not null,t9 nchar,t10 nchar(254),t11 varchar,t12 varchar(128) not null,t13 bytes,t14 bytes(100),t15 bytes(100),t16 bytes(200)) primary tags(t1,t4,t8,t12);
CREATE TABLE
> create table test_select_tag7.tb2(k_timestamp timestamptz not null,e1 timestamptz,e2 int2,e3 int,e4 int8,e5 float4,e6 float8,e7 bool,e8 char,e9 char(100),e10 nchar,e11 nchar(255),e12 varchar,e13 varchar(254),e14 varchar(4096),e15 nchar(100),e16 nchar(255),e17 nchar(255),e18 bytes,e19 bytes(100),e20 bytes(200),e21 bytes(254),e22 bytes(200)) tags (t1 int2,t2 int not null,t3 int8,t4 bool,t5 float4,t6 float8,t7 char not null,t8 char(100),t9 nchar not null,t10 nchar(254) not null,t11 varchar,t12 varchar(128),t13 bytes,t14 bytes(100),t15 bytes(100),t16 bytes(200)) primary tags(t2,t7,t9,t10);
CREATE TABLE
> create table test_select_tag7.tb3(k_timestamp timestamptz not null,e1 timestamptz,e2 int2,e3 int,e4 int8,e5 float4,e6 float8,e7 bool,e8 char,e9 char(100),e10 nchar,e11 nchar(255),e12 varchar,e13 varchar(254),e14 varchar(4096),e15 nchar(100),e16 nchar(255),e17 nchar(255),e18 bytes,e19 bytes(100),e20 bytes(200),e21 bytes(254),e22 bytes(200)) tags (t1 int2,t2 int,t3 int8 not null,t4 bool,t5 float4,t6 float8,t7 char,t8 char(100),t9 nchar,t10 nchar(254),t11 varchar not null,t12 varchar(128),t13 bytes not null,t14 bytes(100) not null,t15 bytes(100),t16 bytes(200)) primary tags(t3,t11,t13,t14);
CREATE TABLE
> insert into test_select_tag7.tb values ('2020-11-06 17:10:23','1970-01-01 08:00:00',700,7000,70000,700000.707,7000000.1010101,true,null,null,null,null,null,null,null,null,null,null,null,null,null,null,null,
1,null,7000,false,70.7077,700.5675675,'a','test测试！！！@TEST1','e','\a',null,'vvvaa64_1','b','test测试1023_1','vwwws测试_1','aaabbb');
INSERT 1
> insert into test_select_tag7.tb values ('2020-11-06 17:10:55.123','2019-12-06 18:10:23',100,3000,40000,600000.60612,4000000.4040404,false,' ',' ',' ',' ',' ',' ',' ',null,'','','','','','',null,
-32678,-2147483648,-9223372036854775808,false,-9223372036854775807.12345,100.111111,'b','test测试！！！@TEST1 ','f','test测试！TEST1xaa','\0test查询  @TEST1\0',e'\\','y','test@@测试！1023_1','vwwws测试_1','cccddde');
INSERT 1
> insert into test_select_tag7.tb values ('2022-05-01 12:10:23.456','2020-05-01 17:00:00',500,5000,60000,500000.505555,5000000.505055,false,'c','test测试！！！@TEST1 ','n','类型测试1()*  ','test！@TEST1  ',e'\\','255测试1cdf~# ','@TEST1  ','abc255测试1()*&^%{}','deg4096测试1(','b','查询1023_2','tes_测试1',b'\xaa\xbb\xcc',b'\xaa\xaa\xbb\xbb',
32767,2147483647,9223372036854775807,true,9223372036854775806.12345,500.578578,'c','test测试！！！@TEST1  ','g','" \','\0test查询！！！@TEST1\0','64_3','t','es1023_2','\\f','tes4096_2');
INSERT 1
> insert into test_select_tag7.tb values ('2022-05-01 12:10:25','2020-05-01 20:30:00',500,5000,50000,-500000.505,-5000000.505055,true,'h', 'ar2  ', 'c', 'r255测试2()*&^%{}','\\\\', 'v255测试1cdf~#   ', 'lengthis4096  测试%&!','ar-1', 'ar255()*&^%{}  ','6_1测试1&^%{} ','y', 's1023_1','ytes_2', null,b'\xcc\xcc\xdd\xdd',
4,400,4000,false,50.555,500.578578,'d','\\test测试！！！@TEST1','e','test测试！T  EST1xaa','\0test查询！！！@TEST1\0 ',e'\\\\','e','es1023_2','s_ 4','ww4096_2');
INSERT 1
> insert into test_select_tag7.tb values ('2023-05-10 09:08:18.223','2021-05-10 09:04:18.223',600,6000,60000,600000.666,666660.101011,true,'r', 'a r3', 'a', 'r255测试1(){}','varchar  中文1', null, 'hof4096查询test%%&!   ',null, 'ar255{}', 'ar4096测试1%{}','e','es1023_0', null, b'\xbb\xee\xff', null,
5,null,6000,true,60.6066,600.123455,'a','test测试！！！@TEST1','e',e'\a',null,'chch4_1','b','test测试10_1','vwwws中文_1',null);
INSERT 1
> insert into test_select_tag7.tb values ('2023-05-10 09:08:19.22','2021-06-01 10:00:00',100,3000,40000,600000.60612,4000000.4040404,false,'r', '\a r3', 'a', 'r255测试1{}','varchar  中文1', null, 'hof4096查询test%&!   ',null, 'ar255{}', 'ar96测试1%{}','e','es1023_0', null, b'\xcc\xee\xdd', null,
6,100,1000,false,-10.123,100.111111,'b','\\TEST1 ','f','测试！TEST1xaa','test查询  @TEST1\0','bd64_1','y','test@测试！10_1','vwwws_1','cddde');
INSERT 1
> insert into test_select_tag7.tb values ('2023-05-10 09:15:15.783','2021-06-10 06:04:15.183',500,5000,60000,500000.505555,5000000.505055,false,'c','test测试！！！@TEST1 ','n','类型测试1()*  ',null,null,'255测试1cdf~# ','@TEST1  ','abc255测试1()*&^%{}','deg4096测试1(','b','查询1023_2','tes_测试1',b'\xaa\xaa\xaa',b'\xbb\xcc\xbb\xbb',
7,200,2000,true,-10.123,500.578578,'c','test测试！！！@TEST1  ','g','" \','\0test查询！！！@TEST1\0','64_3','t','es1023_2','\\f','tes4096_2');
INSERT 1
> insert into test_select_tag7.tb2 values ('2023-05-10 09:08:18.223','2021-05-10 09:04:18.223',600,6000,60000,600000.666,666660.101011,true,'r', 'a r3', 'a', 'r255测试1(){}','varchar  中文1', null, 'hof4096查询test%%&!   ',null, 'ar255{}', 'ar4096测试1%{}','e','es1023_0', null, b'\xbb\xee\xff', null,
5,600,6000,false,60.6066,600.123455,'a','test测试！！！@TEST1','e','\a',null,'chch4_1','b','test测试10_1','vwwws中文_1',null);
INSERT 1
> insert into test_select_tag7.tb2 values ('2023-05-10 09:08:19.22','2021-06-01 10:00:00',100,3000,40000,600000.60612,4000000.4040404,false,'r', '\a r3', 'a', 'r255测试1{}','varchar  中文1', null, 'hof4096查询test%&!   ',null, 'ar255{}', 'ar96测试1%{}','e','es1023_0', null, b'\xcc\xee\xdd', null,
6,100,1000,true,-10.123,100.111111,'b','\\TEST1 ','f','测试！TEST1xaa','test查询  @TEST1\0','bd64_1','y','test@测试！10_1','vwwws_1','cddde');
INSERT 1
> insert into test_select_tag7.tb3 values ('2023-05-10 09:15:15.783','2021-06-10 06:04:15.183',500,5000,60000,500000.505555,5000000.505055,false,'c','test测试！！！@TEST1 ','n','类型测试1()*  ',null,null,'255测试1cdf~# ','@TEST1  ','abc255测试1()*&^%{}','deg4096测试1(','b','查询1023_2','tes_测试1',b'\xaa\xaa\xaa',b'\xbb\xcc\xbb\xbb',
7,200,2000,false,-10.123,500.578578,'c','test测试！！！@TEST1  ','g','" \','\0test查询！！！@TEST1\0','64_3','t','es1023_2','\\f','tes4096_2');
INSERT 1
> select t2, case t2 when 100 then '100' when 200 then '200' when 300 then 300 end as result from test_select_tag7.tb where t2 between 100 and 600 order by k_timestamp;
  t2  | result
------+---------
  400 |   NULL
  100 |    100
  200 |    200
(3 rows)
> select t6, case when t6 <= 300.333333 then ' <= 300.333333' when t6 > 300.333333 and t6 <= 500.578578 then ' > 300.333333 && <= 500.578578' else ' > 500.578578' end as result from test_select_tag7.tb order by k_timestamp;
      t6      |             result
--------------+---------------------------------
  700.5675675 |  > 500.578578
   100.111111 |  <= 300.333333
   500.578578 |  > 300.333333 && <= 500.578578
   500.578578 |  > 300.333333 && <= 500.578578
   600.123455 |  > 500.578578
   100.111111 |  <= 300.333333
   500.578578 |  > 300.333333 && <= 500.578578
(7 rows)
> select t10, case when t10 = '\a' then '\a' when t10 = 'a\0\0' then 'a\0\0' end as result from test_select_tag7.tb where t10 not in('" \','nchar254_ 4') order by k_timestamp;
          t10          | result
-----------------------+---------
  \a                   | \a
  test测试！TEST1xaa   | NULL
  test测试！T  EST1xaa | NULL
                       | NULL
  测试！TEST1xaa       | NULL
(5 rows)
> select t2, case t2 when 100 then '100' when 200 then '200' when 300 then 300 end as result from test_select_tag7.tb where t2 between 100 and 600 order by k_timestamp;
  t2  | result
------+---------
  400 |   NULL
  100 |    100
  200 |    200
(3 rows)
> select t10, case when t10 = '\a' then '\a' when t10 = 'a\0\0' then 'a\0\0' end as result from test_select_tag7.tb3 where t10 not in('" \','nchar254_ 4') order by k_timestamp;
  t10 | result
------+---------
(0 rows)
> select t2,t5, case t2 when 100 then '100' when 200 then '200' when 300 then 300 end as result from test_select_tag7.tb2 where t2 between 100 and 600 order by k_timestamp;
  t2  |    t5     | result
------+-----------+---------
  600 | 60.606602 |   NULL
  100 |   -10.123 |    100
(2 rows)
> select t6,t8,t12, case when t6 <= 300.333333 then ' <= 300.333333' when t6 > 300.333333 and t6 <= 500.578578 then ' > 300.333333 && <= 500.578578' else ' > 500.578578' end as result from test_select_tag7.tb order by k_timestamp;
      t6      |           t8           |    t12    |             result
--------------+------------------------+-----------+---------------------------------
  700.5675675 | test测试！！！@TEST1   | vvvaa64_1 |  > 500.578578
   100.111111 | test测试！！！@TEST1   | \         |  <= 300.333333
   500.578578 | test测试！！！@TEST1   | 64_3      |  > 300.333333 && <= 500.578578
   500.578578 | \\test测试！！！@TEST1 | \\        |  > 300.333333 && <= 500.578578
   600.123455 | test测试！！！@TEST1   | chch4_1   |  > 500.578578
   100.111111 | \\TEST1                | bd64_1    |  <= 300.333333
   500.578578 | test测试！！！@TEST1   | 64_3      |  > 300.333333 && <= 500.578578
(7 rows)
> select t10,t15,t16, case when t10 = '\a' then '\a' when t10 = 'a\0\0' then 'a\0\0' end as result from test_select_tag7.tb3 where t10 not in('" \','nchar254_ 4') order by k_timestamp,;
ERROR: at or near "EOF": syntax error
SQLSTATE: 42601
DETAIL: source SQL:
select t10,t15,t16, case when t10 = '\a' then '\a' when t10 = 'a\0\0' then 'a\0\0' end as result from test_select_tag7.tb3 where t10 not in('" \','nchar254_ 4') order by k_timestamp,
                                                                                                                                                                                      ^
> select t2,t5, case t2 when 100 then '100' when 200 then '200' when 300 then 300 end as result from test_select_tag7.tb2 where t2 between 100 and 600 order by t1;
  t2  |    t5     | result
------+-----------+---------
  600 | 60.606602 |   NULL
  100 |   -10.123 |    100
(2 rows)
> select t6,t8,t12, case when t6 <= 300.333333 then ' <= 300.333333' when t6 > 300.333333 and t6 <= 500.578578 then ' > 300.333333 && <= 500.578578' else ' > 500.578578' end as result from test_select_tag7.tb order by k_timestamp;
      t6      |           t8           |    t12    |             result
--------------+------------------------+-----------+---------------------------------
  700.5675675 | test测试！！！@TEST1   | vvvaa64_1 |  > 500.578578
   100.111111 | test测试！！！@TEST1   | \         |  <= 300.333333
   500.578578 | test测试！！！@TEST1   | 64_3      |  > 300.333333 && <= 500.578578
   500.578578 | \\test测试！！！@TEST1 | \\        |  > 300.333333 && <= 500.578578
   600.123455 | test测试！！！@TEST1   | chch4_1   |  > 500.578578
   100.111111 | \\TEST1                | bd64_1    |  <= 300.333333
   500.578578 | test测试！！！@TEST1   | 64_3      |  > 300.333333 && <= 500.578578
(7 rows)
> select t10,t15,t16, case when t10 = '\a' then '\a' when t10 = 'a\0\0' then 'a\0\0' end as result from test_select_tag7.tb3 where t10 not in('" \','nchar254_ 4') order by k_timestamp;
  t10 | t15 | t16 | result
------+-----+-----+---------
(0 rows)
> drop table test_select_tag7.tb cascade;
DROP TABLE
> drop table test_select_tag7.tb2 cascade;
DROP TABLE
> drop table test_select_tag7.tb3 cascade;
DROP TABLE
> use defaultdb;drop database test_select_tag7 cascade;
DROP DATABASE
> use defaultdb;drop database test_select_tag8 cascade;
ERROR: database "test_select_tag8" does not exist
SQLSTATE: 3D000
> create ts database test_select_tag8;
CREATE TS DATABASE
> create table test_select_tag8.tb(k_timestamp timestamptz not null,e1 timestamptz,e2 int2,e3 int,e4 int8,e5 float4,e6 float8,e7 bool,e8 char,e9 char(100),e10 nchar,e11 nchar(255),e12 varchar,e13 varchar(254),e14 varchar(4096),e15 nchar(100),e16 nchar(255),e17 nchar(255),e18 bytes,e19 bytes(100),e20 bytes(200),e21 bytes(254),e22 bytes(200)) tags (t1 int2 not null,t2 int,t3 int8,t4 bool not null,t5 float4,t6 float8,t7 char,t8 char(100) not null,t9 nchar,t10 nchar(254),t11 varchar,t12 varchar(128) not null,t13 bytes,t14 bytes(100),t15 bytes(100),t16 bytes(200)) primary tags(t1,t4,t8,t12);
CREATE TABLE
> create table test_select_tag8.tb2(k_timestamp timestamptz not null,e1 timestamptz,e2 int2,e3 int,e4 int8,e5 float4,e6 float8,e7 bool,e8 char,e9 char(100),e10 nchar,e11 nchar(255),e12 varchar,e13 varchar(254),e14 varchar(4096),e15 nchar(100),e16 nchar(255),e17 nchar(255),e18 bytes,e19 bytes(100),e20 bytes(200),e21 bytes(254),e22 bytes(200)) tags (t1 int2,t2 int not null,t3 int8,t4 bool,t5 float4,t6 float8,t7 char not null,t8 char(100),t9 nchar not null,t10 nchar(254) not null,t11 varchar,t12 varchar(128),t13 bytes,t14 bytes(100),t15 bytes(100),t16 bytes(200)) primary tags(t2,t7,t9,t10);
CREATE TABLE
> create table test_select_tag8.tb3(k_timestamp timestamptz not null,e1 timestamptz,e2 int2,e3 int,e4 int8,e5 float4,e6 float8,e7 bool,e8 char,e9 char(100),e10 nchar,e11 nchar(255),e12 varchar,e13 varchar(254),e14 varchar(4096),e15 nchar(100),e16 nchar(255),e17 nchar(255),e18 bytes,e19 bytes(100),e20 bytes(200),e21 bytes(254),e22 bytes(200)) tags (t1 int2,t2 int,t3 int8 not null,t4 bool,t5 float4,t6 float8,t7 char,t8 char(100),t9 nchar,t10 nchar(254),t11 varchar not null,t12 varchar(128),t13 bytes not null,t14 bytes(100) not null,t15 bytes(100),t16 bytes(200)) primary tags(t3,t11,t13,t14);
CREATE TABLE
> insert into test_select_tag8.tb values ('2020-11-06 17:10:23','1970-01-01 08:00:00',700,7000,70000,700000.707,7000000.1010101,true,null,null,null,null,null,null,null,null,null,null,null,null,null,null,null,
1,null,7000,false,70.7077,700.5675675,'a','test测试！！！@TEST1','e','\a',null,'vvvaa64_1','b','test测试1023_1','vwwws测试_1','aaabbb');
INSERT 1
> insert into test_select_tag8.tb values ('2020-11-06 17:10:55.123','2019-12-06 18:10:23',100,3000,40000,600000.60612,4000000.4040404,false,' ',' ',' ',' ',' ',' ',' ',null,'','','','','','',null,
-32678,-2147483648,-9223372036854775808,false,-9223372036854775807.12345,100.111111,'b','test测试！！！@TEST1 ','f','test测试！TEST1xaa','\0test查询  @TEST1\0',e'\\','y','test@@测试！1023_1','vwwws测试_1','cccddde');
INSERT 1
> insert into test_select_tag8.tb values ('2022-05-01 12:10:23.456','2020-05-01 17:00:00',500,5000,60000,500000.505555,5000000.505055,false,'c','test测试！！！@TEST1 ','n','类型测试1()*  ','test！@TEST1  ',e'\\','255测试1cdf~# ','@TEST1  ','abc255测试1()*&^%{}','deg4096测试1(','b','查询1023_2','tes_测试1',b'\xaa\xbb\xcc',b'\xaa\xaa\xbb\xbb',
32767,2147483647,9223372036854775807,true,9223372036854775806.12345,500.578578,'c','test测试！！！@TEST1  ','g','" \','\0test查询！！！@TEST1\0','64_3','t','es1023_2','\\f','tes4096_2');
INSERT 1
> insert into test_select_tag8.tb values ('2022-05-01 12:10:25','2020-05-01 20:30:00',500,5000,50000,-500000.505,-5000000.505055,true,'h', 'ar2  ', 'c', 'r255测试2()*&^%{}','\\\\', 'v255测试1cdf~#   ', 'lengthis4096  测试%&!','ar-1', 'ar255()*&^%{}  ','6_1测试1&^%{} ','y', 's1023_1','ytes_2', null,b'\xcc\xcc\xdd\xdd',
4,400,4000,false,50.555,500.578578,'d','\\test测试！！！@TEST1','e','test测试！T  EST1xaa','\0test查询！！！@TEST1\0 ',e'\\\\','e','es1023_2','s_ 4','ww4096_2');
INSERT 1
> insert into test_select_tag8.tb values ('2023-05-10 09:08:18.223','2021-05-10 09:04:18.223',600,6000,60000,600000.666,666660.101011,true,'r', 'a r3', 'a', 'r255测试1(){}','varchar  中文1', null, 'hof4096查询test%%&!   ',null, 'ar255{}', 'ar4096测试1%{}','e','es1023_0', null, b'\xbb\xee\xff', null,
5,null,6000,true,60.6066,600.123455,'a','test测试！！！@TEST1','e',e'\a',null,'chch4_1','b','test测试10_1','vwwws中文_1',null);
INSERT 1
> insert into test_select_tag8.tb values ('2023-05-10 09:08:19.22','2021-06-01 10:00:00',100,3000,40000,600000.60612,4000000.4040404,false,'r', '\a r3', 'a', 'r255测试1{}','varchar  中文1', null, 'hof4096查询test%&!   ',null, 'ar255{}', 'ar96测试1%{}','e','es1023_0', null, b'\xcc\xee\xdd', null,
6,100,1000,false,-10.123,100.111111,'b','\\TEST1 ','f','测试！TEST1xaa','test查询  @TEST1\0','bd64_1','y','test@测试！10_1','vwwws_1','cddde');
INSERT 1
> insert into test_select_tag8.tb values ('2023-05-10 09:15:15.783','2021-06-10 06:04:15.183',500,5000,60000,500000.505555,5000000.505055,false,'c','test测试！！！@TEST1 ','n','类型测试1()*  ',null,null,'255测试1cdf~# ','@TEST1  ','abc255测试1()*&^%{}','deg4096测试1(','b','查询1023_2','tes_测试1',b'\xaa\xaa\xaa',b'\xbb\xcc\xbb\xbb',
7,200,2000,true,-10.123,500.578578,'c','test测试！！！@TEST1  ','g','" \','\0test查询！！！@TEST1\0','64_3','t','es1023_2','\\f','tes4096_2');
INSERT 1
> insert into test_select_tag8.tb2 values ('2023-05-10 09:08:18.223','2021-05-10 09:04:18.223',600,6000,60000,600000.666,666660.101011,true,'r', 'a r3', 'a', 'r255测试1(){}','varchar  中文1', null, 'hof4096查询test%%&!   ',null, 'ar255{}', 'ar4096测试1%{}','e','es1023_0', null, b'\xbb\xee\xff', null,
5,600,6000,false,60.6066,600.123455,'a','test测试！！！@TEST1','e','\a',null,'chch4_1','b','test测试10_1','vwwws中文_1',null);
INSERT 1
> insert into test_select_tag8.tb2 values ('2023-05-10 09:08:19.22','2021-06-01 10:00:00',100,3000,40000,600000.60612,4000000.4040404,false,'r', '\a r3', 'a', 'r255测试1{}','varchar  中文1', null, 'hof4096查询test%&!   ',null, 'ar255{}', 'ar96测试1%{}','e','es1023_0', null, b'\xcc\xee\xdd', null,
6,100,1000,true,-10.123,100.111111,'b','\\TEST1 ','f','测试！TEST1xaa','test查询  @TEST1\0','bd64_1','y','test@测试！10_1','vwwws_1','cddde');
INSERT 1
> insert into test_select_tag8.tb3 values ('2023-05-10 09:15:15.783','2021-06-10 06:04:15.183',500,5000,60000,500000.505555,5000000.505055,false,'c','test测试！！！@TEST1 ','n','类型测试1()*  ',null,null,'255测试1cdf~# ','@TEST1  ','abc255测试1()*&^%{}','deg4096测试1(','b','查询1023_2','tes_测试1',b'\xaa\xaa\xaa',b'\xbb\xcc\xbb\xbb',
7,200,2000,false,-10.123,500.578578,'c','test测试！！！@TEST1  ','g','" \','\0test查询！！！@TEST1\0','64_3','t','es1023_2','\\f','tes4096_2');
INSERT 1
> drop table test_select_tag8.tb cascade;
DROP TABLE
> drop table test_select_tag8.tb2 cascade;
DROP TABLE
> drop table test_select_tag8.tb3 cascade;
DROP TABLE
> use defaultdb;drop database test_select_tag8 cascade;
DROP DATABASE
> use defaultdb;drop database test_select_tag9 cascade;
ERROR: database "test_select_tag9" does not exist
SQLSTATE: 3D000
> create ts database test_select_tag9;
CREATE TS DATABASE
> create table test_select_tag9.tb(k_timestamp timestamptz not null,e1 timestamptz,e2 int2,e3 int,e4 int8,e5 float4,e6 float8,e7 bool,e8 char,e9 char(100),e10 nchar,e11 nchar(255),e12 varchar,e13 varchar(254),e14 varchar(4096),e15 nchar(100),e16 nchar(255),e17 nchar(255),e18 bytes,e19 bytes(100),e20 bytes(200),e21 bytes(254),e22 bytes(200)) tags (t1 int2 not null,t2 int,t3 int8,t4 bool not null,t5 float4,t6 float8,t7 char,t8 char(100) not null,t9 nchar,t10 nchar(254),t11 varchar,t12 varchar(128) not null,t13 bytes,t14 bytes(100),t15 bytes(100),t16 bytes(200)) primary tags(t1,t4,t8,t12);
CREATE TABLE
> create table test_select_tag9.tb2(k_timestamp timestamptz not null,e1 timestamptz,e2 int2,e3 int,e4 int8,e5 float4,e6 float8,e7 bool,e8 char,e9 char(100),e10 nchar,e11 nchar(255),e12 varchar,e13 varchar(254),e14 varchar(4096),e15 nchar(100),e16 nchar(255),e17 nchar(255),e18 bytes,e19 bytes(100),e20 bytes(200),e21 bytes(254),e22 bytes(200)) tags (t1 int2,t2 int not null,t3 int8,t4 bool,t5 float4,t6 float8,t7 char not null,t8 char(100),t9 nchar not null,t10 nchar(254) not null,t11 varchar,t12 varchar(128),t13 bytes,t14 bytes(100),t15 bytes(100),t16 bytes(200)) primary tags(t2,t7,t9,t10);
CREATE TABLE
> create table test_select_tag9.tb3(k_timestamp timestamptz not null,e1 timestamptz,e2 int2,e3 int,e4 int8,e5 float4,e6 float8,e7 bool,e8 char,e9 char(100),e10 nchar,e11 nchar(255),e12 varchar,e13 varchar(254),e14 varchar(4096),e15 nchar(100),e16 nchar(255),e17 nchar(255),e18 bytes,e19 bytes(100),e20 bytes(200),e21 bytes(254),e22 bytes(200)) tags (t1 int2,t2 int,t3 int8 not null,t4 bool,t5 float4,t6 float8,t7 char,t8 char(100),t9 nchar,t10 nchar(254),t11 varchar not null,t12 varchar(128),t13 bytes not null,t14 bytes(100) not null,t15 bytes(100),t16 bytes(200)) primary tags(t3,t11,t13,t14);
CREATE TABLE
> insert into test_select_tag9.tb values ('2020-11-06 17:10:23','1970-01-01 08:00:00',700,7000,70000,700000.707,7000000.1010101,true,null,null,null,null,null,null,null,null,null,null,null,null,null,null,null,
1,null,7000,false,70.7077,700.5675675,'a','test测试！！！@TEST1','e','\a',null,'vvvaa64_1','b','test测试1023_1','vwwws测试_1','aaabbb');
INSERT 1
> insert into test_select_tag9.tb values ('2020-11-06 17:10:55.123','2019-12-06 18:10:23',100,3000,40000,600000.60612,4000000.4040404,false,' ',' ',' ',' ',' ',' ',' ',null,'','','','','','',null,
-32678,-2147483648,-9223372036854775808,false,-9223372036854775807.12345,100.111111,'b','test测试！！！@TEST1 ','f','test测试！TEST1xaa','\0test查询  @TEST1\0',e'\\','y','test@@测试！1023_1','vwwws测试_1','cccddde');
INSERT 1
> insert into test_select_tag9.tb values ('2022-05-01 12:10:23.456','2020-05-01 17:00:00',500,5000,60000,500000.505555,5000000.505055,false,'c','test测试！！！@TEST1 ','n','类型测试1()*  ','test！@TEST1  ',e'\\','255测试1cdf~# ','@TEST1  ','abc255测试1()*&^%{}','deg4096测试1(','b','查询1023_2','tes_测试1',b'\xaa\xbb\xcc',b'\xaa\xaa\xbb\xbb',
32767,2147483647,9223372036854775807,true,9223372036854775806.12345,500.578578,'c','test测试！！！@TEST1  ','g','" \','\0test查询！！！@TEST1\0','64_3','t','es1023_2','\\f','tes4096_2');
INSERT 1
> insert into test_select_tag9.tb values ('2022-05-01 12:10:25','2020-05-01 20:30:00',500,5000,50000,-500000.505,-5000000.505055,true,'h', 'ar2  ', 'c', 'r255测试2()*&^%{}','\\\\', 'v255测试1cdf~#   ', 'lengthis4096  测试%&!','ar-1', 'ar255()*&^%{}  ','6_1测试1&^%{} ','y', 's1023_1','ytes_2', null,b'\xcc\xcc\xdd\xdd',
4,400,4000,false,50.555,500.578578,'d','\\test测试！！！@TEST1','e','test测试！T  EST1xaa','\0test查询！！！@TEST1\0 ',e'\\\\','e','es1023_2','s_ 4','ww4096_2');
INSERT 1
> insert into test_select_tag9.tb values ('2023-05-10 09:08:18.223','2021-05-10 09:04:18.223',600,6000,60000,600000.666,666660.101011,true,'r', 'a r3', 'a', 'r255测试1(){}','varchar  中文1', null, 'hof4096查询test%%&!   ',null, 'ar255{}', 'ar4096测试1%{}','e','es1023_0', null, b'\xbb\xee\xff', null,
5,null,6000,true,60.6066,600.123455,'a','test测试！！！@TEST1','e',e'\a',null,'chch4_1','b','test测试10_1','vwwws中文_1',null);
INSERT 1
> insert into test_select_tag9.tb values ('2023-05-10 09:08:19.22','2021-06-01 10:00:00',100,3000,40000,600000.60612,4000000.4040404,false,'r', '\a r3', 'a', 'r255测试1{}','varchar  中文1', null, 'hof4096查询test%&!   ',null, 'ar255{}', 'ar96测试1%{}','e','es1023_0', null, b'\xcc\xee\xdd', null,
6,100,1000,false,-10.123,100.111111,'b','\\TEST1 ','f','测试！TEST1xaa','test查询  @TEST1\0','bd64_1','y','test@测试！10_1','vwwws_1','cddde');
INSERT 1
> insert into test_select_tag9.tb values ('2023-05-10 09:15:15.783','2021-06-10 06:04:15.183',500,5000,60000,500000.505555,5000000.505055,false,'c','test测试！！！@TEST1 ','n','类型测试1()*  ',null,null,'255测试1cdf~# ','@TEST1  ','abc255测试1()*&^%{}','deg4096测试1(','b','查询1023_2','tes_测试1',b'\xaa\xaa\xaa',b'\xbb\xcc\xbb\xbb',
7,200,2000,true,-10.123,500.578578,'c','test测试！！！@TEST1  ','g','" \','\0test查询！！！@TEST1\0','64_3','t','es1023_2','\\f','tes4096_2');
INSERT 1
> insert into test_select_tag9.tb2 values ('2023-05-10 09:08:18.223','2021-05-10 09:04:18.223',600,6000,60000,600000.666,666660.101011,true,'r', 'a r3', 'a', 'r255测试1(){}','varchar  中文1', null, 'hof4096查询test%%&!   ',null, 'ar255{}', 'ar4096测试1%{}','e','es1023_0', null, b'\xbb\xee\xff', null,
5,600,6000,false,60.6066,600.123455,'a','test测试！！！@TEST1','e','\a',null,'chch4_1','b','test测试10_1','vwwws中文_1',null);
INSERT 1
> insert into test_select_tag9.tb2 values ('2023-05-10 09:08:19.22','2021-06-01 10:00:00',100,3000,40000,600000.60612,4000000.4040404,false,'r', '\a r3', 'a', 'r255测试1{}','varchar  中文1', null, 'hof4096查询test%&!   ',null, 'ar255{}', 'ar96测试1%{}','e','es1023_0', null, b'\xcc\xee\xdd', null,
6,100,1000,true,-10.123,100.111111,'b','\\TEST1 ','f','测试！TEST1xaa','test查询  @TEST1\0','bd64_1','y','test@测试！10_1','vwwws_1','cddde');
INSERT 1
> insert into test_select_tag9.tb3 values ('2023-05-10 09:15:15.783','2021-06-10 06:04:15.183',500,5000,60000,500000.505555,5000000.505055,false,'c','test测试！！！@TEST1 ','n','类型测试1()*  ',null,null,'255测试1cdf~# ','@TEST1  ','abc255测试1()*&^%{}','deg4096测试1(','b','查询1023_2','tes_测试1',b'\xaa\xaa\xaa',b'\xbb\xcc\xbb\xbb',
7,200,2000,false,-10.123,500.578578,'c','test测试！！！@TEST1  ','g','" \','\0test查询！！！@TEST1\0','64_3','t','es1023_2','\\f','tes4096_2');
INSERT 1
> select t1+t1 from test_select_tag9.tb  order by k_timestamp;
  ?column?
------------
         2
    -65356
     65534
         8
        10
        12
        14
(7 rows)
> select t1+t2 from test_select_tag9.tb order by k_timestamp;
   ?column?
---------------
         NULL
  -2147516326
   2147516414
          404
         NULL
          106
          207
(7 rows)
> select t1-t3 from test_select_tag9.tb order by k_timestamp;
        ?column?
------------------------
                 -6999
   9223372036854743130
  -9223372036854743040
                 -3996
                 -5995
                  -994
                 -1993
(7 rows)
> select t1*t4 from test_select_tag9.tb order by k_timestamp;
ERROR: unsupported binary operator: <int2> * <bool>
SQLSTATE: 22023
> select t1/t5 from test_select_tag9.tb order by k_timestamp;
         ?column?
--------------------------
    0.014142730745160663
  3.5429558592481314e-15
  3.5526052585832524e-15
      0.0791217481130246
       0.082499263421913
     -0.5927096625586978
     -0.6914946063184809
(7 rows)
> select t1%t6 from test_select_tag9.tb order by k_timestamp;
ERROR: unsupported binary operator: <int2> % <float>
SQLSTATE: 22023
> select t1-t7 from test_select_tag9.tb order by k_timestamp;
ERROR: unsupported binary operator: <int2> - <char>
SQLSTATE: 22023
> select t2-t2 from test_select_tag9.tb order by k_timestamp;
  ?column?
------------
      NULL
         0
         0
         0
      NULL
         0
         0
(7 rows)
> select t2%t3 from test_select_tag9.tb order by k_timestamp;
   ?column?
---------------
         NULL
  -2147483648
   2147483647
          400
         NULL
          100
          200
(7 rows)
> select t2-t4 from test_select_tag9.tb order by k_timestamp;
ERROR: unsupported binary operator: <int4> - <bool>
SQLSTATE: 22023
> select t2*t5 from test_select_tag9.tb order by k_timestamp;
         ?column?
--------------------------
  NULL
  1.9807040628566084e+28
  1.9807040619342712e+28
      20222.000122070312
  NULL
     -1012.3000144958496
     -2024.6000289916992
(7 rows)
> select t2/t6 from test_select_tag9.tb order by k_timestamp;
         ?column?
--------------------------
  NULL
  -2.145100205710433e+07
  4.290003091183019e+06
      0.7990753451698847
  NULL
      0.9988901231952166
      0.3995376725849423
(7 rows)
> select t2+t8 from test_select_tag9.tb order by k_timestamp;
ERROR: unsupported binary operator: <int4> + <char>
SQLSTATE: 22023
> select t3%t3 from test_select_tag9.tb order by k_timestamp;
  ?column?
------------
         0
         0
         0
         0
         0
         0
         0
(7 rows)
> select t3+t4 from test_select_tag9.tb order by k_timestamp;
ERROR: unsupported binary operator: <int> + <bool>
SQLSTATE: 22023
> select t3-t5 from test_select_tag9.tb order by k_timestamp;
       ?column?
----------------------
   6929.292297363281
                   0
                   0
   3949.444999694824
   5939.393398284912
  1010.1230001449585
  2010.1230001449585
(7 rows)
> select t3*t6 from test_select_tag9.tb order by k_timestamp;
         ?column?
--------------------------
  4.9039729725e+06
  -9.233620217758645e+20
  4.617022458573727e+21
  2.002314312e+06
  3.60074073e+06
      100111.11099999999
  1.001157156e+06
(7 rows)
> select t3/t9 from test_select_tag9.tb order by k_timestamp;
ERROR: unsupported binary operator: <int> / <nchar>
SQLSTATE: 22023
> select t5/t5 from test_select_tag9.tb order by k_timestamp;
  ?column?
------------
         1
         1
         1
         1
         1
         1
         1
(7 rows)
> select t5-t6 from test_select_tag9.tb order by k_timestamp;
         ?column?
--------------------------
      -629.8598648632812
  -9.223372036854776e+18
  9.223372036854776e+18
      -450.0235776948242
      -539.5168532849121
     -110.23411114495849
      -510.7015781449585
(7 rows)
> select t5*t10 from test_select_tag9.tb order by k_timestamp;
ERROR: unsupported binary operator: <float4> * <nchar>
SQLSTATE: 22023
> select t6+t6 from test_select_tag9.tb order by k_timestamp;
   ?column?
---------------
  1401.135135
   200.222222
  1001.157156
  1001.157156
   1200.24691
   200.222222
  1001.157156
(7 rows)
> select t6-t11 from test_select_tag9.tb order by k_timestamp;
ERROR: unsupported binary operator: <float> - <varchar>
SQLSTATE: 22023
> select t12*t13 from test_select_tag9.tb order by k_timestamp;
ERROR: unsupported binary operator: <varchar> * <bytes>
SQLSTATE: 22023
> select t1+e1 from test_select_tag9.tb order by k_timestamp;
ERROR: unsupported binary operator: <int2> + <timestamptz>
SQLSTATE: 22023
> select t2+e2 from test_select_tag9.tb order by k_timestamp;
   ?column?
---------------
         NULL
  -2147483548
   2147484147
          900
         NULL
          200
          700
(7 rows)
> select t3-e3 from test_select_tag9.tb order by k_timestamp;
ERROR: integer out of range
SQLSTATE: 22003
> select t4*e4 from test_select_tag9.tb order by k_timestamp;
ERROR: unsupported binary operator: <bool> * <int>
SQLSTATE: 22023
> select t5/e5 from test_select_tag9.tb order by k_timestamp;
         ?column?
---------------------------
   0.00010101090455960266
  -1.5372270715309299e+13
  1.8446725626983926e+13
  -0.00010110989950045207
   0.00010101088711683833
  -1.687164933362944e-05
  -2.024598004393695e-05
(7 rows)
> select t6%e6 from test_select_tag9.tb order by k_timestamp;
   ?column?
---------------
  700.5675675
   100.111111
   500.578578
   500.578578
   600.123455
   100.111111
   500.578578
(7 rows)
> select t7-e7 from test_select_tag9.tb order by k_timestamp;
ERROR: unsupported binary operator: <char> - <bool>
SQLSTATE: 22023
> select t2-e8 from test_select_tag9.tb order by k_timestamp;
ERROR: unsupported binary operator: <int4> - <char>
SQLSTATE: 22023
> select t3%e10 from test_select_tag9.tb order by k_timestamp;
ERROR: unsupported binary operator: <int> % <nchar>
SQLSTATE: 22023
> select t4-e12 from test_select_tag9.tb order by k_timestamp;
ERROR: unsupported binary operator: <bool> - <varchar>
SQLSTATE: 22023
> select t5*e15 from test_select_tag9.tb order by k_timestamp;
ERROR: unsupported binary operator: <float4> * <nchar>
SQLSTATE: 22023
> select t3%e2 from test_select_tag9.tb order by k_timestamp;
  ?column?
------------
         0
        -8
       307
         0
         0
         0
         0
(7 rows)
> select t4+e3 from test_select_tag9.tb order by k_timestamp;
ERROR: unsupported binary operator: <bool> + <int4>
SQLSTATE: 22023
> select t5-e4 from test_select_tag9.tb order by k_timestamp;
         ?column?
--------------------------
      -69929.29229736328
  -9.223372036854817e+18
  9.223372036854715e+18
     -49949.444999694824
      -59939.39339828491
      -40010.12300014496
      -60010.12300014496
(7 rows)
> select t6*e5 from test_select_tag9.tb order by k_timestamp;
         ?column?
--------------------------
  4.9039777889020264e+08
  6.0066729169444375e+07
  2.50289539289289e+08
  -2.50289539289289e+08
  3.6007448558487535e+08
  6.0066729169444375e+07
  2.50289539289289e+08
(7 rows)
> select t9/e6 from test_select_tag9.tb order by k_timestamp;
ERROR: unsupported binary operator: <nchar> / <float>
SQLSTATE: 22023
> select e2+t1 from test_select_tag9.tb order by k_timestamp;
  ?column?
------------
       701
    -32578
     33267
       504
       605
       106
       507
(7 rows)
> select e3-t4 from test_select_tag9.tb order by k_timestamp;
ERROR: unsupported binary operator: <int4> - <bool>
SQLSTATE: 22023
> select e4*t8 from test_select_tag9.tb order by k_timestamp;
ERROR: unsupported binary operator: <int> * <char>
SQLSTATE: 22023
> select e5/t4 from test_select_tag9.tb order by k_timestamp;
ERROR: unsupported binary operator: <float4> / <bool>
SQLSTATE: 22023
> select e6%t12 from test_select_tag9.tb order by k_timestamp;
ERROR: unsupported binary operator: <float> % <varchar>
SQLSTATE: 22023
> select e2-t2 from test_select_tag9.tb2 order by k_timestamp;
  ?column?
------------
         0
         0
(2 rows)
> select e3-t7 from test_select_tag9.tb2 order by k_timestamp;
ERROR: unsupported binary operator: <int4> - <char>
SQLSTATE: 22023
> select e4*t2 from test_select_tag9.tb2 order by k_timestamp;
  ?column?
------------
  36000000
   4000000
(2 rows)
> select e5/t11 from test_select_tag9.tb2 order by k_timestamp;
ERROR: unsupported binary operator: <float4> / <varchar>
SQLSTATE: 22023
> select e6*t3 from test_select_tag9.tb3 order by k_timestamp;
       ?column?
----------------------
  1.000000101011e+10
(1 row)
> select e6-t12 from test_select_tag9.tb3 order by k_timestamp;
ERROR: unsupported binary operator: <float> - <varchar>
SQLSTATE: 22023
> select t1+t1 from test_select_tag9.tb order by k_timestamp;
  ?column?
------------
         2
    -65356
     65534
         8
        10
        12
        14
(7 rows)
> select t1-t4 from test_select_tag9.tb order by k_timestamp;
ERROR: unsupported binary operator: <int2> - <bool>
SQLSTATE: 22023
> select t1*t8 from test_select_tag9.tb order by k_timestamp;
ERROR: unsupported binary operator: <int2> * <char>
SQLSTATE: 22023
> select t4/t4 from test_select_tag9.tb order by k_timestamp;
ERROR: unsupported binary operator: <bool> / <bool>
SQLSTATE: 22023
> select t10%t10 from test_select_tag9.tb order by k_timestamp;
ERROR: unsupported binary operator: <nchar> % <nchar>
SQLSTATE: 22023
> select t2-t2 from test_select_tag9.tb2 order by k_timestamp;
  ?column?
------------
         0
         0
(2 rows)
> select t2-t7 from test_select_tag9.tb2 order by k_timestamp;
ERROR: unsupported binary operator: <int4> - <char>
SQLSTATE: 22023
> select t9*t2 from test_select_tag9.tb2 order by k_timestamp;
ERROR: unsupported binary operator: <nchar> * <int4>
SQLSTATE: 22023
> select t11/t11 from test_select_tag9.tb2 order by k_timestamp;
ERROR: unsupported binary operator: <varchar> / <varchar>
SQLSTATE: 22023
> select t3*t3 from test_select_tag9.tb3 order by k_timestamp;
  ?column?
------------
   4000000
(1 row)
> select t3-t12 from test_select_tag9.tb3 order by k_timestamp;
ERROR: unsupported binary operator: <int> - <varchar>
SQLSTATE: 22023
> select t1+e1 from test_select_tag9.tb order by k_timestamp;
ERROR: unsupported binary operator: <int2> + <timestamptz>
SQLSTATE: 22023
> select t1-e2 from test_select_tag9.tb order by k_timestamp;
  ?column?
------------
      -699
    -32778
     32267
      -496
      -595
       -94
      -493
(7 rows)
> select t1*e3 from test_select_tag9.tb order by k_timestamp;
  ?column?
-------------
       7000
  -98034000
  163835000
      20000
      30000
      18000
      35000
(7 rows)
> select t4/e4 from test_select_tag9.tb order by k_timestamp;
ERROR: unsupported binary operator: <bool> / <int>
SQLSTATE: 22023
> select t10%e5 from test_select_tag9.tb order by k_timestamp;
ERROR: unsupported binary operator: <nchar> % <float4>
SQLSTATE: 22023
> select t2-e6 from test_select_tag9.tb2 order by k_timestamp;
        ?column?
------------------------
        -666060.101011
  -3.9999004040404e+06
(2 rows)
> select t2-e7 from test_select_tag9.tb2 order by k_timestamp;
ERROR: unsupported binary operator: <int4> - <bool>
SQLSTATE: 22023
> select t9*e9 from test_select_tag9.tb2 order by k_timestamp;
ERROR: unsupported binary operator: <nchar> * <char>
SQLSTATE: 22023
> select t11/e11 from test_select_tag9.tb2 order by k_timestamp;
ERROR: unsupported binary operator: <varchar> / <nchar>
SQLSTATE: 22023
> select t3*e2 from test_select_tag9.tb3 order by k_timestamp;
  ?column?
------------
   1000000
(1 row)
> select t12-e3 from test_select_tag9.tb3 order by k_timestamp;
ERROR: unsupported binary operator: <varchar> - <int4>
SQLSTATE: 22023
> drop table test_select_tag9.tb cascade;
DROP TABLE
> drop table test_select_tag9.tb2 cascade;
DROP TABLE
> drop table test_select_tag9.tb3 cascade;
DROP TABLE
> use defaultdb;drop database test_select_tag9 cascade;
DROP DATABASE
