> use defaultdb;drop database test_select_tag9 cascade;
ERROR: database "test_select_tag9" does not exist
SQLSTATE: 3D000
> create ts database test_select_tag9;
CREATE TS DATABASE
> create table test_select_tag9.tb(k_timestamp timestamptz not null,e1 timestamptz,e2 int2,e3 int,e4 int8,e5 float4,e6 float8,e7 bool,e8 char,e9 char(100),e10 nchar,e11 nchar(255),e12 varchar,e13 varchar(254),e14 varchar(4096),e15 nchar(100),e16 nchar(255),e17 nchar(255),e18 varbytes,e19 varbytes(100),e20 varbytes(200),e21 varbytes(254),e22 varbytes(200)) tags (t1 int2 not null,t2 int,t3 int8,t4 bool not null,t5 float4,t6 float8,t7 char,t8 char(100) not null,t9 nchar,t10 nchar(254),t11 varchar,t12 varchar(128) not null,t13 varbytes,t14 varbytes(100),t15 varbytes(100),t16 varbytes(200)) primary tags(t1,t4,t8,t12);
CREATE TABLE
> create table test_select_tag9.tb2(k_timestamp timestamptz not null,e1 timestamptz,e2 int2,e3 int,e4 int8,e5 float4,e6 float8,e7 bool,e8 char,e9 char(100),e10 nchar,e11 nchar(255),e12 varchar,e13 varchar(254),e14 varchar(4096),e15 nchar(100),e16 nchar(255),e17 nchar(255),e18 varbytes,e19 varbytes(100),e20 varbytes(200),e21 varbytes(254),e22 varbytes(200)) tags (t1 int2,t2 int not null,t3 int8,t4 bool,t5 float4,t6 float8,t7 char not null,t8 char(100),t9 nchar not null,t10 nchar(254) not null,t11 varchar,t12 varchar(128),t13 varbytes,t14 varbytes(100),t15 varbytes(100),t16 varbytes(200)) primary tags(t2,t7,t9,t10);
CREATE TABLE
> insert into test_select_tag9.tb values ('2020-11-06 17:10:23','1970-01-01 08:00:00',700,7000,70000,700000.707,7000000.1010101,true,null,null,null,null,null,null,null,null,null,null,null,null,null,null,null,
1,null,7000,false,70.7077,700.5675675,'a','test测试！！！@TEST1','e','\a',null,'vvvaa64_1','b','test测试1023_1','vwwws测试_1','aaabbb');
INSERT 1
> insert into test_select_tag9.tb values ('2020-11-06 17:10:55.123','2019-12-06 18:10:23',100,3000,40000,600000.60612,4000000.4040404,false,' ',' ',' ',' ',' ',' ',' ',null,'','','','','','',null,
-32678,-2147483648,-9223372036854775808,false,-9223372036854775807.12345,100.111111,'b','test测试！！！@TEST1 ','f','test测试！TEST1xaa','\0test查询  @TEST1\0',e'\\','y','test@@测试！1023_1','vwwws测试_1','cccddde');
INSERT 1
> insert into test_select_tag9.tb values ('2022-05-01 12:10:23.456','2020-05-01 17:00:00',500,5000,60000,500000.505555,5000000.505055,false,'c','test测试！！！@TEST1 ','n','类型测试1()*  ','test！@TEST1  ',e'\\','255测试1cdf~# ','@TEST1  ','abc255测试1()*&^%{}','deg4096测试1(','b','查询1023_2','tes_测试1',b'\xaa\xbb\xcc',b'\xaa\xaa\xbb\xbb',
32767,2147483647,9223372036854775807,true,9223372036854775806.12345,500.578578,'c','test测试！！！@TEST1  ','g','" \','\0test查询！！！@TEST1\0','64_3','t','es1023_2','\\f','tes4096_2');
INSERT 1
> insert into test_select_tag9.tb values ('2022-05-01 12:10:25','2020-05-01 20:30:00',500,5000,50000,-500000.505,-5000000.505055,true,'h', 'ar2  ', 'c', 'r255测试2()*&^%{}','\\\\', 'v255测试1cdf~#   ', 'lengthis4096  测试%&!','ar-1', 'ar255()*&^%{}  ','6_1测试1&^%{} ','y', 's1023_1','ytes_2', null,b'\xcc\xcc\xdd\xdd',
4,400,4000,false,50.555,500.578578,'d','\\test测试！！！@TEST1','e','test测试！T  EST1xaa','\0test查询！！！@TEST1\0 ',e'\\\\','e','es1023_2','s_ 4','ww4096_2');
INSERT 1
> insert into test_select_tag9.tb values ('2023-05-10 09:08:18.223','2021-05-10 09:04:18.223',600,6000,60000,600000.666,666660.101011,true,'r', 'a r3', 'a', 'r255测试1(){}','varchar  中文1', null, 'hof4096查询test%%&!   ',null, 'ar255{}', 'ar4096测试1%{}','e','es1023_0', null, b'\xbb\xee\xff', null,
5,null,6000,true,60.6066,600.123455,'a','test测试！！！@TEST1','e',e'\a',null,'chch4_1','b','test测试10_1','vwwws中文_1',null);
INSERT 1
> insert into test_select_tag9.tb values ('2023-05-10 09:08:19.22','2021-06-01 10:00:00',100,3000,40000,600000.60612,4000000.4040404,false,'r', '\a r3', 'a', 'r255测试1{}','varchar  中文1', null, 'hof4096查询test%&!   ',null, 'ar255{}', 'ar96测试1%{}','e','es1023_0', null, b'\xcc\xee\xdd', null,
6,100,1000,false,-10.123,100.111111,'b','\\TEST1 ','f','测试！TEST1xaa','test查询  @TEST1\0','bd64_1','y','test@测试！10_1','vwwws_1','cddde');
INSERT 1
> insert into test_select_tag9.tb values ('2023-05-10 09:15:15.783','2021-06-10 06:04:15.183',500,5000,60000,500000.505555,5000000.505055,false,'c','test测试！！！@TEST1 ','n','类型测试1()*  ',null,null,'255测试1cdf~# ','@TEST1  ','abc255测试1()*&^%{}','deg4096测试1(','b','查询1023_2','tes_测试1',b'\xaa\xaa\xaa',b'\xbb\xcc\xbb\xbb',
7,200,2000,true,-10.123,500.578578,'c','test测试！！！@TEST1  ','g','" \','\0test查询！！！@TEST1\0','64_3','t','es1023_2','\\f','tes4096_2');
INSERT 1
> insert into test_select_tag9.tb2 values ('2023-05-10 09:08:18.223','2021-05-10 09:04:18.223',600,6000,60000,600000.666,666660.101011,true,'r', 'a r3', 'a', 'r255测试1(){}','varchar  中文1', null, 'hof4096查询test%%&!   ',null, 'ar255{}', 'ar4096测试1%{}','e','es1023_0', null, b'\xbb\xee\xff', null,
5,600,6000,false,60.6066,600.123455,'a','test测试！！！@TEST1','e','\a',null,'chch4_1','b','test测试10_1','vwwws中文_1',null);
INSERT 1
> insert into test_select_tag9.tb2 values ('2023-05-10 09:08:19.22','2021-06-01 10:00:00',100,3000,40000,600000.60612,4000000.4040404,false,'r', '\a r3', 'a', 'r255测试1{}','varchar  中文1', null, 'hof4096查询test%&!   ',null, 'ar255{}', 'ar96测试1%{}','e','es1023_0', null, b'\xcc\xee\xdd', null,
6,100,1000,true,-10.123,100.111111,'b','\\TEST1 ','f','测试！TEST1xaa','test查询  @TEST1\0','bd64_1','y','test@测试！10_1','vwwws_1','cddde');
INSERT 1
> select t1+t1 from test_select_tag9.tb  order by k_timestamp;
  ?column?
------------
         2
    -65356
     65534
         8
        10
        12
        14
(7 rows)
> select t1+t2 from test_select_tag9.tb order by k_timestamp;
   ?column?
---------------
         NULL
  -2147516326
   2147516414
          404
         NULL
          106
          207
(7 rows)
> select t1-t3 from test_select_tag9.tb order by k_timestamp;
        ?column?
------------------------
                 -6999
   9223372036854743130
  -9223372036854743040
                 -3996
                 -5995
                  -994
                 -1993
(7 rows)
> select t1*t4 from test_select_tag9.tb order by k_timestamp;
ERROR: unsupported binary operator: <int2> * <bool>
SQLSTATE: 22023
> select t1/t5 from test_select_tag9.tb order by k_timestamp;
         ?column?
--------------------------
    0.014142730745160663
  3.5429558592481314e-15
  3.5526052585832524e-15
      0.0791217481130246
       0.082499263421913
     -0.5927096625586978
     -0.6914946063184809
(7 rows)
> select t1%t6 from test_select_tag9.tb order by k_timestamp;
ERROR: unsupported binary operator: <int2> % <float>
SQLSTATE: 22023
> select t1-t7 from test_select_tag9.tb order by k_timestamp;
ERROR: unsupported binary operator: <int2> - <char>
SQLSTATE: 22023
> select t2-t2 from test_select_tag9.tb order by k_timestamp;
  ?column?
------------
      NULL
         0
         0
         0
      NULL
         0
         0
(7 rows)
> select t2%t3 from test_select_tag9.tb order by k_timestamp;
   ?column?
---------------
         NULL
  -2147483648
   2147483647
          400
         NULL
          100
          200
(7 rows)
> select t2-t4 from test_select_tag9.tb order by k_timestamp;
ERROR: unsupported binary operator: <int4> - <bool>
SQLSTATE: 22023
> select t2*t5 from test_select_tag9.tb order by k_timestamp;
         ?column?
--------------------------
  NULL
  1.9807040628566084e+28
  1.9807040619342712e+28
      20222.000122070312
  NULL
     -1012.3000144958496
     -2024.6000289916992
(7 rows)
> select t2/t6 from test_select_tag9.tb order by k_timestamp;
         ?column?
--------------------------
  NULL
  -2.145100205710433e+07
  4.290003091183019e+06
      0.7990753451698847
  NULL
      0.9988901231952166
      0.3995376725849423
(7 rows)
> select t2+t8 from test_select_tag9.tb order by k_timestamp;
ERROR: unsupported binary operator: <int4> + <char>
SQLSTATE: 22023
> select t3%t3 from test_select_tag9.tb order by k_timestamp;
  ?column?
------------
         0
         0
         0
         0
         0
         0
         0
(7 rows)
> select t3+t4 from test_select_tag9.tb order by k_timestamp;
ERROR: unsupported binary operator: <int> + <bool>
SQLSTATE: 22023
> select t3-t5 from test_select_tag9.tb order by k_timestamp;
       ?column?
----------------------
   6929.292297363281
                   0
                   0
   3949.444999694824
   5939.393398284912
  1010.1230001449585
  2010.1230001449585
(7 rows)
> select t3*t6 from test_select_tag9.tb order by k_timestamp;
         ?column?
--------------------------
  4.9039729725e+06
  -9.233620217758645e+20
  4.617022458573727e+21
  2.002314312e+06
  3.60074073e+06
      100111.11099999999
  1.001157156e+06
(7 rows)
> select t3/t9 from test_select_tag9.tb order by k_timestamp;
ERROR: unsupported binary operator: <int> / <nchar>
SQLSTATE: 22023
> select t5/t5 from test_select_tag9.tb order by k_timestamp;
  ?column?
------------
         1
         1
         1
         1
         1
         1
         1
(7 rows)
> select t5-t6 from test_select_tag9.tb order by k_timestamp;
         ?column?
--------------------------
      -629.8598648632812
  -9.223372036854776e+18
  9.223372036854776e+18
      -450.0235776948242
      -539.5168532849121
     -110.23411114495849
      -510.7015781449585
(7 rows)
> select t5*t10 from test_select_tag9.tb order by k_timestamp;
ERROR: unsupported binary operator: <float4> * <nchar>
SQLSTATE: 22023
> select t6+t6 from test_select_tag9.tb order by k_timestamp;
   ?column?
---------------
  1401.135135
   200.222222
  1001.157156
  1001.157156
   1200.24691
   200.222222
  1001.157156
(7 rows)
> select t6-t11 from test_select_tag9.tb order by k_timestamp;
ERROR: unsupported binary operator: <float> - <varchar>
SQLSTATE: 22023
> select t12*t13 from test_select_tag9.tb order by k_timestamp;
ERROR: unsupported binary operator: <varchar> * <varbytes>
SQLSTATE: 22023
> select t1+e1 from test_select_tag9.tb order by k_timestamp;
ERROR: unsupported binary operator: <int2> + <timestamptz(3)>
SQLSTATE: 22023
> select t2+e2 from test_select_tag9.tb order by k_timestamp;
   ?column?
---------------
         NULL
  -2147483548
   2147484147
          900
         NULL
          200
          700
(7 rows)
> select t3-e3 from test_select_tag9.tb order by k_timestamp;
ERROR: integer out of range
SQLSTATE: 22003
> select t4*e4 from test_select_tag9.tb order by k_timestamp;
ERROR: unsupported binary operator: <bool> * <int>
SQLSTATE: 22023
> select t5/e5 from test_select_tag9.tb order by k_timestamp;
         ?column?
---------------------------
   0.00010101090455960266
  -1.5372270715309299e+13
  1.8446725626983926e+13
  -0.00010110989950045207
   0.00010101088711683833
  -1.687164933362944e-05
  -2.024598004393695e-05
(7 rows)
> select t6%e6 from test_select_tag9.tb order by k_timestamp;
   ?column?
---------------
  700.5675675
   100.111111
   500.578578
   500.578578
   600.123455
   100.111111
   500.578578
(7 rows)
> select t7-e7 from test_select_tag9.tb order by k_timestamp;
ERROR: unsupported binary operator: <char> - <bool>
SQLSTATE: 22023
> select t2-e8 from test_select_tag9.tb order by k_timestamp;
ERROR: unsupported binary operator: <int4> - <char>
SQLSTATE: 22023
> select t3%e10 from test_select_tag9.tb order by k_timestamp;
ERROR: unsupported binary operator: <int> % <nchar>
SQLSTATE: 22023
> select t4-e12 from test_select_tag9.tb order by k_timestamp;
ERROR: unsupported binary operator: <bool> - <varchar>
SQLSTATE: 22023
> select t5*e15 from test_select_tag9.tb order by k_timestamp;
ERROR: unsupported binary operator: <float4> * <nchar>
SQLSTATE: 22023
> select t3%e2 from test_select_tag9.tb order by k_timestamp;
  ?column?
------------
         0
        -8
       307
         0
         0
         0
         0
(7 rows)
> select t4+e3 from test_select_tag9.tb order by k_timestamp;
ERROR: unsupported binary operator: <bool> + <int4>
SQLSTATE: 22023
> select t5-e4 from test_select_tag9.tb order by k_timestamp;
         ?column?
--------------------------
      -69929.29229736328
  -9.223372036854817e+18
  9.223372036854715e+18
     -49949.444999694824
      -59939.39339828491
      -40010.12300014496
      -60010.12300014496
(7 rows)
> select t6*e5 from test_select_tag9.tb order by k_timestamp;
         ?column?
--------------------------
  4.9039777889020264e+08
  6.0066729169444375e+07
  2.50289539289289e+08
  -2.50289539289289e+08
  3.6007448558487535e+08
  6.0066729169444375e+07
  2.50289539289289e+08
(7 rows)
> select t9/e6 from test_select_tag9.tb order by k_timestamp;
ERROR: unsupported binary operator: <nchar> / <float>
SQLSTATE: 22023
> select e2+t1 from test_select_tag9.tb order by k_timestamp;
  ?column?
------------
       701
    -32578
     33267
       504
       605
       106
       507
(7 rows)
> select e3-t4 from test_select_tag9.tb order by k_timestamp;
ERROR: unsupported binary operator: <int4> - <bool>
SQLSTATE: 22023
> select e4*t8 from test_select_tag9.tb order by k_timestamp;
ERROR: unsupported binary operator: <int> * <char>
SQLSTATE: 22023
> select e5/t4 from test_select_tag9.tb order by k_timestamp;
ERROR: unsupported binary operator: <float4> / <bool>
SQLSTATE: 22023
> select e6%t12 from test_select_tag9.tb order by k_timestamp;
ERROR: unsupported binary operator: <float> % <varchar>
SQLSTATE: 22023
> select e2-t2 from test_select_tag9.tb2 order by k_timestamp;
  ?column?
------------
         0
         0
(2 rows)
> select e3-t7 from test_select_tag9.tb2 order by k_timestamp;
ERROR: unsupported binary operator: <int4> - <char>
SQLSTATE: 22023
> select e4*t2 from test_select_tag9.tb2 order by k_timestamp;
  ?column?
------------
  36000000
   4000000
(2 rows)
> select e5/t11 from test_select_tag9.tb2 order by k_timestamp;
ERROR: unsupported binary operator: <float4> / <varchar>
SQLSTATE: 22023
> select t1+t1 from test_select_tag9.tb order by k_timestamp;
  ?column?
------------
         2
    -65356
     65534
         8
        10
        12
        14
(7 rows)
> select t1-t4 from test_select_tag9.tb order by k_timestamp;
ERROR: unsupported binary operator: <int2> - <bool>
SQLSTATE: 22023
> select t1*t8 from test_select_tag9.tb order by k_timestamp;
ERROR: unsupported binary operator: <int2> * <char>
SQLSTATE: 22023
> select t4/t4 from test_select_tag9.tb order by k_timestamp;
ERROR: unsupported binary operator: <bool> / <bool>
SQLSTATE: 22023
> select t10%t10 from test_select_tag9.tb order by k_timestamp;
ERROR: unsupported binary operator: <nchar> % <nchar>
SQLSTATE: 22023
> select t2-t2 from test_select_tag9.tb2 order by k_timestamp;
  ?column?
------------
         0
         0
(2 rows)
> select t2-t7 from test_select_tag9.tb2 order by k_timestamp;
ERROR: unsupported binary operator: <int4> - <char>
SQLSTATE: 22023
> select t9*t2 from test_select_tag9.tb2 order by k_timestamp;
ERROR: unsupported binary operator: <nchar> * <int4>
SQLSTATE: 22023
> select t11/t11 from test_select_tag9.tb2 order by k_timestamp;
ERROR: unsupported binary operator: <varchar> / <varchar>
SQLSTATE: 22023
> select t1+e1 from test_select_tag9.tb order by k_timestamp;
ERROR: unsupported binary operator: <int2> + <timestamptz(3)>
SQLSTATE: 22023
> select t1-e2 from test_select_tag9.tb order by k_timestamp;
  ?column?
------------
      -699
    -32778
     32267
      -496
      -595
       -94
      -493
(7 rows)
> select t1*e3 from test_select_tag9.tb order by k_timestamp;
  ?column?
-------------
       7000
  -98034000
  163835000
      20000
      30000
      18000
      35000
(7 rows)
> select t4/e4 from test_select_tag9.tb order by k_timestamp;
ERROR: unsupported binary operator: <bool> / <int>
SQLSTATE: 22023
> select t10%e5 from test_select_tag9.tb order by k_timestamp;
ERROR: unsupported binary operator: <nchar> % <float4>
SQLSTATE: 22023
> select t2-e6 from test_select_tag9.tb2 order by k_timestamp;
        ?column?
------------------------
        -666060.101011
  -3.9999004040404e+06
(2 rows)
> select t2-e7 from test_select_tag9.tb2 order by k_timestamp;
ERROR: unsupported binary operator: <int4> - <bool>
SQLSTATE: 22023
> select t9*e9 from test_select_tag9.tb2 order by k_timestamp;
ERROR: unsupported binary operator: <nchar> * <char>
SQLSTATE: 22023
> select t11/e11 from test_select_tag9.tb2 order by k_timestamp;
ERROR: unsupported binary operator: <varchar> / <nchar>
SQLSTATE: 22023
> drop table test_select_tag9.tb cascade;
DROP TABLE
> drop table test_select_tag9.tb2 cascade;
DROP TABLE
> use defaultdb;drop database test_select_tag9 cascade;
DROP DATABASE
