> create ts database test;
CREATE TS DATABASE
> use test;
SET
> Create table t1(k_timestamp timestamp not null,c1 int2,c2 int4,c3 float4,c4 float8,c5 char,c6 varchar(10),c7 int8,c8 nchar(10),c9 nvarchar(10),c10 varbytes,c11 timestamptz,c12 bool) tags (size int not null) primary tags (size) ;
CREATE TABLE
> set timezone = 8;
SET
> Insert into t1 values ('2024-1-1 1:00:00',1,100,0.1,0.1,'a','aa',1000,'e','f','g','2024-1-1 1:00:00',true,2);
INSERT 1
> Insert into t1 values ('2024-1-1 1:01:00',2,200,0.2,0.1,'a','aaa',1000,'e','f','g','2024-1-1 1:00:00',true,2);
INSERT 1
> Insert into t1 values ('2024-1-1 2:00:00',3,200,0.3,0.1,'a','aaa',2000,'ee','ff','gg','2024-1-1 1:00:01',true,6);
INSERT 1
> Insert into t1 values ('2024-1-1 3:00:00',4,500,0.4,0.2,'b','bb',2000,'ee','ff','gg','2024-1-1 1:00:01',false,4);
INSERT 1
> Insert into t1 values ('2024-1-1 4:00:00',5,500,0.5,0.2,'b','bb',3000,'eee','ff','gg','2024-1-1 1:00:02',false,5);
INSERT 1
> Insert into t1 values ('2024-1-1 5:00:00',6,6,0.6,0.2,'b','bbb',3000,'eee','fff','ggg','2024-1-1 1:00:02',true,6);
INSERT 1
> Insert into t1 values ('2024-1-1 6:00:00',7,7,0.7,0.3,'c','cc',3000,'eee','fff','ggg','2024-1-1 1:00:02',true,7);
INSERT 1
> Insert into t1 values ('2024-1-1 7:00:00',8,8,0.8,0.3,'c','cc',5000,'eeee','fff','ggg','2024-1-1 1:00:03',false,8);
INSERT 1
> Insert into t1 values ('2024-1-1 8:00:00',9,9,0.9,0.3,'c','cc',5000,'eeee','fff','ggg','2024-1-1 1:00:03',true,9);
INSERT 1
> Insert into t1 values ('2024-1-1 9:00:00',10,10,1.0,0.3,'c','ccc',6000,'eeee','fffff','ggg','2024-1-1 1:00:05',false,10);
INSERT 1
> Insert into t1 values ('2024-1-1 10:00:00',null,null,null,null,null,null,6000,'eeee','fffff','ggggg','2024-1-1 1:00:06',true,10);
INSERT 1
> Insert into t1 values ('2024-1-1 11:00:00',null,null,null,null,null,null,10000,'eeee','fffff','ggggg','2024-1-1 1:00:06',false,10);
INSERT 1
> select * from t1 order by k_timestamp;
         k_timestamp        |  c1  |  c2  |  c3  |  c4  |  c5  |  c6  |  c7   |  c8  |  c9   |     c10      |            c11            |  c12  | size
----------------------------+------+------+------+------+------+------+-------+------+-------+--------------+---------------------------+-------+-------
  2024-01-01 01:00:00+08:00 |    1 |  100 |  0.1 |  0.1 | a    | aa   |  1000 | e    | f     | \x67         | 2024-01-01 01:00:00+08:00 | true  |    2
  2024-01-01 01:01:00+08:00 |    2 |  200 |  0.2 |  0.1 | a    | aaa  |  1000 | e    | f     | \x67         | 2024-01-01 01:00:00+08:00 | true  |    2
  2024-01-01 02:00:00+08:00 |    3 |  200 |  0.3 |  0.1 | a    | aaa  |  2000 | ee   | ff    | \x6767       | 2024-01-01 01:00:01+08:00 | true  |    6
  2024-01-01 03:00:00+08:00 |    4 |  500 |  0.4 |  0.2 | b    | bb   |  2000 | ee   | ff    | \x6767       | 2024-01-01 01:00:01+08:00 | false |    4
  2024-01-01 04:00:00+08:00 |    5 |  500 |  0.5 |  0.2 | b    | bb   |  3000 | eee  | ff    | \x6767       | 2024-01-01 01:00:02+08:00 | false |    5
  2024-01-01 05:00:00+08:00 |    6 |    6 |  0.6 |  0.2 | b    | bbb  |  3000 | eee  | fff   | \x676767     | 2024-01-01 01:00:02+08:00 | true  |    6
  2024-01-01 06:00:00+08:00 |    7 |    7 |  0.7 |  0.3 | c    | cc   |  3000 | eee  | fff   | \x676767     | 2024-01-01 01:00:02+08:00 | true  |    7
  2024-01-01 07:00:00+08:00 |    8 |    8 |  0.8 |  0.3 | c    | cc   |  5000 | eeee | fff   | \x676767     | 2024-01-01 01:00:03+08:00 | false |    8
  2024-01-01 08:00:00+08:00 |    9 |    9 |  0.9 |  0.3 | c    | cc   |  5000 | eeee | fff   | \x676767     | 2024-01-01 01:00:03+08:00 | true  |    9
  2024-01-01 09:00:00+08:00 |   10 |   10 |    1 |  0.3 | c    | ccc  |  6000 | eeee | fffff | \x676767     | 2024-01-01 01:00:05+08:00 | false |   10
  2024-01-01 10:00:00+08:00 | NULL | NULL | NULL | NULL | NULL | NULL |  6000 | eeee | fffff | \x6767676767 | 2024-01-01 01:00:06+08:00 | true  |   10
  2024-01-01 11:00:00+08:00 | NULL | NULL | NULL | NULL | NULL | NULL | 10000 | eeee | fffff | \x6767676767 | 2024-01-01 01:00:06+08:00 | false |   10
(12 rows)
> create statistics t1sall from t1;
CREATE STATISTICS
> select "name","columnIDs","rowCount","distinctCount","nullCount" from system.table_statistics  where name = 't1sall';
   name  | columnIDs | rowCount | distinctCount | nullCount
---------+-----------+----------+---------------+------------
  t1sall | {1}       |       12 |            12 |         0
  t1sall | {2}       |       12 |            11 |         2
  t1sall | {3}       |       12 |             9 |         2
  t1sall | {4}       |       12 |            11 |         2
  t1sall | {5}       |       12 |             4 |         2
  t1sall | {6}       |       12 |             4 |         2
  t1sall | {7}       |       12 |             7 |         2
  t1sall | {8}       |       12 |             6 |         0
  t1sall | {9}       |       12 |             4 |         0
  t1sall | {10}      |       12 |             4 |         0
  t1sall | {11}      |       12 |             4 |         0
  t1sall | {12}      |       12 |             6 |         0
  t1sall | {13}      |       12 |             2 |         0
  t1sall | {14}      |        8 |             8 |         0
(14 rows)
> create statistics t1s0 on k_timestamp from t1;
CREATE STATISTICS
> select "name","columnIDs","rowCount","distinctCount","nullCount" from system.table_statistics  where name = 't1s0';
  name | columnIDs | rowCount | distinctCount | nullCount
-------+-----------+----------+---------------+------------
  t1s0 | {1}       |       12 |            12 |         0
(1 row)
> create statistics t1s1 on c1 from t1;
CREATE STATISTICS
> select "name","columnIDs","rowCount","distinctCount","nullCount" from system.table_statistics  where name = 't1s1';
  name | columnIDs | rowCount | distinctCount | nullCount
-------+-----------+----------+---------------+------------
  t1s1 | {2}       |       12 |            11 |         2
(1 row)
> create statistics t1s2 on c2 from t1;
CREATE STATISTICS
> select "name","columnIDs","rowCount","distinctCount","nullCount" from system.table_statistics  where name = 't1s2';
  name | columnIDs | rowCount | distinctCount | nullCount
-------+-----------+----------+---------------+------------
  t1s2 | {3}       |       12 |             9 |         2
(1 row)
> create statistics t1s3 on c3 from t1;
CREATE STATISTICS
> select "name","columnIDs","rowCount","distinctCount","nullCount" from system.table_statistics  where name = 't1s3';
  name | columnIDs | rowCount | distinctCount | nullCount
-------+-----------+----------+---------------+------------
  t1s3 | {4}       |       12 |            11 |         2
(1 row)
> create statistics t1s4 on c4 from t1;
CREATE STATISTICS
> select "name","columnIDs","rowCount","distinctCount","nullCount" from system.table_statistics  where name = 't1s4';
  name | columnIDs | rowCount | distinctCount | nullCount
-------+-----------+----------+---------------+------------
  t1s4 | {5}       |       12 |             4 |         2
(1 row)
> create statistics t1s5 on c5 from t1;
CREATE STATISTICS
> select "name","columnIDs","rowCount","distinctCount","nullCount" from system.table_statistics  where name = 't1s5';
  name | columnIDs | rowCount | distinctCount | nullCount
-------+-----------+----------+---------------+------------
  t1s5 | {6}       |       12 |             4 |         2
(1 row)
> create statistics t1s6 on c6 from t1;
CREATE STATISTICS
> select "name","columnIDs","rowCount","distinctCount","nullCount" from system.table_statistics  where name = 't1s6';
  name | columnIDs | rowCount | distinctCount | nullCount
-------+-----------+----------+---------------+------------
  t1s6 | {7}       |       12 |             7 |         2
(1 row)
> create statistics t1s7 on c7 from t1;
CREATE STATISTICS
> select "name","columnIDs","rowCount","distinctCount","nullCount" from system.table_statistics  where name = 't1s7';
  name | columnIDs | rowCount | distinctCount | nullCount
-------+-----------+----------+---------------+------------
  t1s7 | {8}       |       12 |             6 |         0
(1 row)
> create statistics t1s8 on c8 from t1;
CREATE STATISTICS
> select "name","columnIDs","rowCount","distinctCount","nullCount" from system.table_statistics  where name = 't1s8';
  name | columnIDs | rowCount | distinctCount | nullCount
-------+-----------+----------+---------------+------------
  t1s8 | {9}       |       12 |             4 |         0
(1 row)
> create statistics t1s9 on c9 from t1;
CREATE STATISTICS
> select "name","columnIDs","rowCount","distinctCount","nullCount" from system.table_statistics  where name = 't1s9';
  name | columnIDs | rowCount | distinctCount | nullCount
-------+-----------+----------+---------------+------------
  t1s9 | {10}      |       12 |             4 |         0
(1 row)
> create statistics t1s10 on c10 from t1;
CREATE STATISTICS
> select "name","columnIDs","rowCount","distinctCount","nullCount" from system.table_statistics  where name = 't1s10';
  name  | columnIDs | rowCount | distinctCount | nullCount
--------+-----------+----------+---------------+------------
  t1s10 | {11}      |       12 |             4 |         0
(1 row)
> create statistics t1s11 on c11 from t1;
CREATE STATISTICS
> select "name","columnIDs","rowCount","distinctCount","nullCount" from system.table_statistics  where name = 't1s11';
  name  | columnIDs | rowCount | distinctCount | nullCount
--------+-----------+----------+---------------+------------
  t1s11 | {12}      |       12 |             6 |         0
(1 row)
> create statistics t1s12 on c12 from t1;
CREATE STATISTICS
> select "name","columnIDs","rowCount","distinctCount","nullCount" from system.table_statistics  where name = 't1s12';
  name  | columnIDs | rowCount | distinctCount | nullCount
--------+-----------+----------+---------------+------------
  t1s12 | {13}      |       12 |             2 |         0
(1 row)
> create statistics t1p1 on size from t1 ;
CREATE STATISTICS
> select "name","columnIDs","rowCount","distinctCount","nullCount" from system.table_statistics  where name = 't1p1';
  name | columnIDs | rowCount | distinctCount | nullCount
-------+-----------+----------+---------------+------------
  t1p1 | {14}      |        8 |             8 |         0
(1 row)
> DELETE FROM system.table_statistics WHERE name = 't1s0' or name = 't1s1' or name = 't1s2' or name = 't1s3' or name = 't1s4' or name = 't1s5' or name = 't1s6' or name = 't1p1'
or name = 't1s7' or name = 't1s8' or name = 't1s9' or name = 't1s10' or name = 't1s11' or name = 't1s12' or name = 't1sall';
DELETE 14
> Create table t2(k_timestamp timestamp not null,e1 int) tags (c1 int2,c2 int4,c3 float4,c4 float8,c5 char,c6 varchar(10),size int not null,c7 int8,c8 bool,c9 nchar,c10 varbytes) primary tags (size) ;
CREATE TABLE
> Insert into t2 values ('2024-1-1 1:00:00',1,1,100,0.1,0.1,'a','aa',2,1000,true,'a','a');
INSERT 1
> Insert into t2 values ('2024-1-1 1:01:00',2,2,200,0.2,0.1,'a','aaa',2,1000,false,'a','b');
INSERT 1
> Insert into t2 values ('2024-1-1 2:00:00',3,3,200,0.3,0.1,'a','aaa',6,2000,true,'a','c');
INSERT 1
> Insert into t2 values ('2024-1-1 3:00:00',4,4,500,0.4,0.2,'b','bb',4,2000,false,'a','cc');
INSERT 1
> Insert into t2 values ('2024-1-1 4:00:00',5,5,500,0.5,0.2,'b','bb',5,3000,true,'a','d');
INSERT 1
> Insert into t2 values ('2024-1-1 5:00:00',6,6,6,0.6,0.2,'b','bbb',6,3000,false,'a','d');
INSERT 1
> Insert into t2 values ('2024-1-1 6:00:00',7,7,7,0.7,0.3,'c','cc',7,4000,true,'a','e');
INSERT 1
> Insert into t2 values ('2024-1-1 7:00:00',8,8,8,0.8,0.3,'c','cc',8,4000,false,'a','f');
INSERT 1
> Insert into t2 values ('2024-1-1 8:00:00',9,9,9,0.9,0.3,'c','cc',9,5000,true,'a','h');
INSERT 1
> Insert into t2 values ('2024-1-1 9:00:00',10,10,10,1.0,0.3,'c','ccc',10,5000,false,'a','i');
INSERT 1
> Insert into t2 values ('2024-1-1 10:00:00',null,null,null,null,null,null,null,11,6000,true,'a','j');
INSERT 1
> Insert into t2 values ('2024-1-1 11:00:00',null,null,null,null,null,null,null,12,6000,false,'a','k');
INSERT 1
> Insert into t2 values ('2024-1-1 12:00:00',null,null,null,null,null,null,null,13,8000,null,'a','kk');
INSERT 1
> select * from t2 order by k_timestamp;
         k_timestamp        |  e1  |  c1  |  c2  |  c3  |  c4  |  c5  |  c6  | size |  c7  |  c8   | c9 |  c10
----------------------------+------+------+------+------+------+------+------+------+------+-------+----+---------
  2024-01-01 01:00:00+08:00 |    1 |    1 |  100 |  0.1 |  0.1 | a    | aa   |    2 | 1000 | true  | a  | \x61
  2024-01-01 01:01:00+08:00 |    2 |    1 |  100 |  0.1 |  0.1 | a    | aa   |    2 | 1000 | true  | a  | \x61
  2024-01-01 02:00:00+08:00 |    3 |    3 |  200 |  0.3 |  0.1 | a    | aaa  |    6 | 2000 | true  | a  | \x63
  2024-01-01 03:00:00+08:00 |    4 |    4 |  500 |  0.4 |  0.2 | b    | bb   |    4 | 2000 | false | a  | \x6363
  2024-01-01 04:00:00+08:00 |    5 |    5 |  500 |  0.5 |  0.2 | b    | bb   |    5 | 3000 | true  | a  | \x64
  2024-01-01 05:00:00+08:00 |    6 |    3 |  200 |  0.3 |  0.1 | a    | aaa  |    6 | 2000 | true  | a  | \x63
  2024-01-01 06:00:00+08:00 |    7 |    7 |    7 |  0.7 |  0.3 | c    | cc   |    7 | 4000 | true  | a  | \x65
  2024-01-01 07:00:00+08:00 |    8 |    8 |    8 |  0.8 |  0.3 | c    | cc   |    8 | 4000 | false | a  | \x66
  2024-01-01 08:00:00+08:00 |    9 |    9 |    9 |  0.9 |  0.3 | c    | cc   |    9 | 5000 | true  | a  | \x68
  2024-01-01 09:00:00+08:00 |   10 |   10 |   10 |    1 |  0.3 | c    | ccc  |   10 | 5000 | false | a  | \x69
  2024-01-01 10:00:00+08:00 | NULL | NULL | NULL | NULL | NULL | NULL | NULL |   11 | 6000 | true  | a  | \x6a
  2024-01-01 11:00:00+08:00 | NULL | NULL | NULL | NULL | NULL | NULL | NULL |   12 | 6000 | false | a  | \x6b
  2024-01-01 12:00:00+08:00 | NULL | NULL | NULL | NULL | NULL | NULL | NULL |   13 | 8000 | NULL  | a  | \x6b6b
(13 rows)
> create statistics t2s0 on k_timestamp from t2;
CREATE STATISTICS
> select "name","columnIDs","rowCount","distinctCount","nullCount" from system.table_statistics  where name = 't2s0';
  name | columnIDs | rowCount | distinctCount | nullCount
-------+-----------+----------+---------------+------------
  t2s0 | {1}       |       13 |            13 |         0
(1 row)
> create statistics t2se on e1 from t2;
CREATE STATISTICS
> select "name","columnIDs","rowCount","distinctCount","nullCount" from system.table_statistics  where name = 't2se';
  name | columnIDs | rowCount | distinctCount | nullCount
-------+-----------+----------+---------------+------------
  t2se | {2}       |       13 |            11 |         3
(1 row)
> create statistics t2s1 on c1 from t2;
CREATE STATISTICS
> select "name","columnIDs","rowCount","distinctCount","nullCount" from system.table_statistics  where name = 't2s1';
  name | columnIDs | rowCount | distinctCount | nullCount
-------+-----------+----------+---------------+------------
  t2s1 | {3}       |       11 |             9 |         3
(1 row)
> create statistics t2s2 on c2 from t2;
CREATE STATISTICS
> select "name","columnIDs","rowCount","distinctCount","nullCount" from system.table_statistics  where name = 't2s2';
  name | columnIDs | rowCount | distinctCount | nullCount
-------+-----------+----------+---------------+------------
  t2s2 | {4}       |       11 |             8 |         3
(1 row)
> create statistics t2s3 on c3 from t2;
CREATE STATISTICS
> select "name","columnIDs","rowCount","distinctCount","nullCount" from system.table_statistics  where name = 't2s3';
  name | columnIDs | rowCount | distinctCount | nullCount
-------+-----------+----------+---------------+------------
  t2s3 | {5}       |       11 |             9 |         3
(1 row)
> create statistics t2s4 on c4 from t2;
CREATE STATISTICS
> select "name","columnIDs","rowCount","distinctCount","nullCount" from system.table_statistics  where name = 't2s4';
  name | columnIDs | rowCount | distinctCount | nullCount
-------+-----------+----------+---------------+------------
  t2s4 | {6}       |       11 |             4 |         3
(1 row)
> create statistics t2s5 on c5 from t2;
CREATE STATISTICS
> select "name","columnIDs","rowCount","distinctCount","nullCount" from system.table_statistics  where name = 't2s5';
  name | columnIDs | rowCount | distinctCount | nullCount
-------+-----------+----------+---------------+------------
  t2s5 | {7}       |       11 |             4 |         3
(1 row)
> create statistics t2s6 on c6 from t2;
CREATE STATISTICS
> select "name","columnIDs","rowCount","distinctCount","nullCount" from system.table_statistics  where name = 't2s6';
  name | columnIDs | rowCount | distinctCount | nullCount
-------+-----------+----------+---------------+------------
  t2s6 | {8}       |       11 |             6 |         3
(1 row)
> create statistics t2s7 on c7 from t2;
CREATE STATISTICS
> select "name","columnIDs","rowCount","distinctCount","nullCount" from system.table_statistics  where name = 't2s7';
  name | columnIDs | rowCount | distinctCount | nullCount
-------+-----------+----------+---------------+------------
  t2s7 | {10}      |       11 |             7 |         0
(1 row)
> create statistics t2s8 on c8 from t2;
CREATE STATISTICS
> select "name","columnIDs","rowCount","distinctCount","nullCount" from system.table_statistics  where name = 't2s8';
  name | columnIDs | rowCount | distinctCount | nullCount
-------+-----------+----------+---------------+------------
  t2s8 | {11}      |       11 |             3 |         1
(1 row)
> create statistics t2s9 on c9 from t2;
CREATE STATISTICS
> select "name","columnIDs","rowCount","distinctCount","nullCount" from system.table_statistics  where name = 't2s9';
  name | columnIDs | rowCount | distinctCount | nullCount
-------+-----------+----------+---------------+------------
  t2s9 | {12}      |       11 |             1 |         0
(1 row)
> create statistics t2s10 on c10 from t2;
CREATE STATISTICS
> select "name","columnIDs","rowCount","distinctCount","nullCount" from system.table_statistics  where name = 't2s10';
  name  | columnIDs | rowCount | distinctCount | nullCount
--------+-----------+----------+---------------+------------
  t2s10 | {13}      |       11 |            11 |         0
(1 row)
> create statistics t2p1 on size from t2 ;
CREATE STATISTICS
> select "name","columnIDs","rowCount","distinctCount","nullCount" from system.table_statistics  where name = 't2p1';
  name | columnIDs | rowCount | distinctCount | nullCount
-------+-----------+----------+---------------+------------
  t2p1 | {9}       |       11 |            11 |         0
(1 row)
> DELETE FROM system.table_statistics WHERE name = 't2s0' or name = 't2se' or name = 't2s1' or name = 't2s2' or name = 't2s3' or name = 't2s4' or name = 't2s5' or name = 't2s6' or name = 't2p1'
                                       or name = 't2s7' or name = 't2s8' or name = 't2s9' or name = 't2s10';
DELETE 13
> Create table t3(k_timestamp timestamp not null,e1 int) tags (c1 smallint not null,c2 nchar(10) not null,c3 char not null,c4 varchar(10) not null,size int not null) primary tags (c1,c2,c3,c4) ;
CREATE TABLE
> Insert into t3 values ('2024-1-1 1:00:00',1,1,'100','a','aa',2);
INSERT 1
> Insert into t3 values ('2024-1-1 1:01:00',2,2,'200','a','aaa',2);
INSERT 1
> Insert into t3 values ('2024-1-1 2:00:00',3,2,'200','a','aaa',6);
INSERT 1
> Insert into t3 values ('2024-1-1 3:00:00',4,4,'500','b','bb',4);
INSERT 1
> Insert into t3 values ('2024-1-1 4:00:00',5,5,'500','b','bb',5);
INSERT 1
> Insert into t3 values ('2024-1-1 5:00:00',6,6,'6','b','bbb',6);
INSERT 1
> Insert into t3 values ('2024-1-1 6:00:00',7,7,'8','c','cc',7);
INSERT 1
> Insert into t3 values ('2024-1-1 7:00:00',8,8,'8','c','cc',8);
INSERT 1
> Insert into t3 values ('2024-1-1 8:00:00',9,9,'9','c','cc',9);
INSERT 1
> Insert into t3 values ('2024-1-1 9:00:00',10,10,'10','c','ccc',10);
INSERT 1
> select * from t3 order by k_timestamp;
         k_timestamp        | e1 | c1 | c2  | c3 | c4  | size
----------------------------+----+----+-----+----+-----+-------
  2024-01-01 01:00:00+08:00 |  1 |  1 | 100 | a  | aa  |    2
  2024-01-01 01:01:00+08:00 |  2 |  2 | 200 | a  | aaa |    2
  2024-01-01 02:00:00+08:00 |  3 |  2 | 200 | a  | aaa |    2
  2024-01-01 03:00:00+08:00 |  4 |  4 | 500 | b  | bb  |    4
  2024-01-01 04:00:00+08:00 |  5 |  5 | 500 | b  | bb  |    5
  2024-01-01 05:00:00+08:00 |  6 |  6 | 6   | b  | bbb |    6
  2024-01-01 06:00:00+08:00 |  7 |  7 | 8   | c  | cc  |    7
  2024-01-01 07:00:00+08:00 |  8 |  8 | 8   | c  | cc  |    8
  2024-01-01 08:00:00+08:00 |  9 |  9 | 9   | c  | cc  |    9
  2024-01-01 09:00:00+08:00 | 10 | 10 | 10  | c  | ccc |   10
(10 rows)
> create statistics t3all from t3;
CREATE STATISTICS
> select "name","columnIDs","rowCount","distinctCount","nullCount" from system.table_statistics  where name = 't3all';
  name  | columnIDs | rowCount | distinctCount | nullCount
--------+-----------+----------+---------------+------------
  t3all | {1}       |       10 |            10 |         0
  t3all | {2}       |       10 |            10 |         0
  t3all | {7}       |        9 |             8 |         0
  t3all | {3}       |        9 |             9 |         0
  t3all | {4}       |        9 |             7 |         0
  t3all | {5}       |        9 |             3 |         0
  t3all | {6}       |        9 |             6 |         0
  t3all | {3,4,5,6} |        9 |             9 |         0
(8 rows)
> create statistics t3s0 on k_timestamp from t3;
CREATE STATISTICS
> select "name","columnIDs","rowCount","distinctCount","nullCount" from system.table_statistics  where name = 't3s0';
  name | columnIDs | rowCount | distinctCount | nullCount
-------+-----------+----------+---------------+------------
  t3s0 | {1}       |       10 |            10 |         0
(1 row)
> create statistics t3se on e1 from t3;
CREATE STATISTICS
> select "name","columnIDs","rowCount","distinctCount","nullCount" from system.table_statistics  where name = 't3se';
  name | columnIDs | rowCount | distinctCount | nullCount
-------+-----------+----------+---------------+------------
  t3se | {2}       |       10 |            10 |         0
(1 row)
> create statistics t3s1 on c1 from t3;
CREATE STATISTICS
> select "name","columnIDs","rowCount","distinctCount","nullCount" from system.table_statistics  where name = 't3s1';
  name | columnIDs | rowCount | distinctCount | nullCount
-------+-----------+----------+---------------+------------
  t3s1 | {3}       |        9 |             9 |         0
(1 row)
> create statistics t3s2 on c2 from t3;
CREATE STATISTICS
> select "name","columnIDs","rowCount","distinctCount","nullCount" from system.table_statistics  where name = 't3s2';
  name | columnIDs | rowCount | distinctCount | nullCount
-------+-----------+----------+---------------+------------
  t3s2 | {4}       |        9 |             7 |         0
(1 row)
> create statistics t3s3 on c3 from t3;
CREATE STATISTICS
> select "name","columnIDs","rowCount","distinctCount","nullCount" from system.table_statistics  where name = 't3s3';
  name | columnIDs | rowCount | distinctCount | nullCount
-------+-----------+----------+---------------+------------
  t3s3 | {5}       |        9 |             3 |         0
(1 row)
> create statistics t3s4 on c4 from t3;
CREATE STATISTICS
> select "name","columnIDs","rowCount","distinctCount","nullCount" from system.table_statistics  where name = 't3s4';
  name | columnIDs | rowCount | distinctCount | nullCount
-------+-----------+----------+---------------+------------
  t3s4 | {6}       |        9 |             6 |         0
(1 row)
> create statistics t3s5 on c1,c2,c3,c4 from t3;
CREATE STATISTICS
> select "name","columnIDs","rowCount","distinctCount","nullCount" from system.table_statistics  where name = 't3s5';
  name | columnIDs | rowCount | distinctCount | nullCount
-------+-----------+----------+---------------+------------
  t3s5 | {3,4,5,6} |        9 |             9 |         0
(1 row)
> create statistics t3s6 on c4,c2,c1,c3 from t3;
CREATE STATISTICS
> select "name","columnIDs","rowCount","distinctCount","nullCount" from system.table_statistics  where name = 't3s6';
  name | columnIDs | rowCount | distinctCount | nullCount
-------+-----------+----------+---------------+------------
  t3s6 | {6,4,3,5} |        9 |             9 |         0
(1 row)
> DELETE FROM system.table_statistics WHERE name = 't3s0' or name = 't3se' or name = 't3s1' or name = 't3s2' or name = 't3s3' or name = 't3s4' or name = 't3s5' or name = 't3all' or name = 't3s6';
DELETE 9
> Create table t5(k_timestamp timestamp not null,c1 int,c2 int,c3 double) tags (c4 float, c5 char not null, c6 bool not null,size int not null) primary tags (c5, c6 ,size) ;
CREATE TABLE
> Insert into t5 values ('2024-1-1 1:00:00',1,100,0.1,0.1,'a',true,2);
INSERT 1
> Insert into t5 values ('2024-1-1 1:01:00',2,200,0.2,0.1,'a',false,2);
INSERT 1
> Insert into t5 values ('2024-1-1 2:00:00',3,200,0.3,0.1,'a',true,6);
INSERT 1
> Insert into t5 values ('2024-1-1 3:00:00',4,500,0.4,0.2,'b',false,4);
INSERT 1
> Insert into t5 values ('2024-1-1 4:00:00',5,500,0.5,0.2,'b',true,5);
INSERT 1
> Insert into t5 values ('2024-1-1 5:00:00',6,6,0.6,0.2,'b',false,6);
INSERT 1
> Insert into t5 values ('2024-1-1 6:00:00',7,7,0.7,0.3,'c',true,7);
INSERT 1
> Insert into t5 values ('2024-1-1 7:00:00',8,8,0.8,0.3,'c',false,8);
INSERT 1
> Insert into t5 values ('2024-1-1 8:00:00',9,9,0.9,0.3,'c',true,9);
INSERT 1
> Insert into t5 values ('2024-1-1 9:00:00',10,10,1.0,0.3,'c',false,10);
INSERT 1
> Insert into t5 values ('2024-1-1 10:00:00',null,null,null,'e','e',true,10);
ERROR: could not resolve "e" as a FLOAT8 type
SQLSTATE: 42804
> select * from t5 order by k_timestamp;
         k_timestamp        | c1 | c2  | c3  | c4  | c5 |  c6   | size
----------------------------+----+-----+-----+-----+----+-------+-------
  2024-01-01 01:00:00+08:00 |  1 | 100 | 0.1 | 0.1 | a  | true  |    2
  2024-01-01 01:01:00+08:00 |  2 | 200 | 0.2 | 0.1 | a  | false |    2
  2024-01-01 02:00:00+08:00 |  3 | 200 | 0.3 | 0.1 | a  | true  |    6
  2024-01-01 03:00:00+08:00 |  4 | 500 | 0.4 | 0.2 | b  | false |    4
  2024-01-01 04:00:00+08:00 |  5 | 500 | 0.5 | 0.2 | b  | true  |    5
  2024-01-01 05:00:00+08:00 |  6 |   6 | 0.6 | 0.2 | b  | false |    6
  2024-01-01 06:00:00+08:00 |  7 |   7 | 0.7 | 0.3 | c  | true  |    7
  2024-01-01 07:00:00+08:00 |  8 |   8 | 0.8 | 0.3 | c  | false |    8
  2024-01-01 08:00:00+08:00 |  9 |   9 | 0.9 | 0.3 | c  | true  |    9
  2024-01-01 09:00:00+08:00 | 10 |  10 |   1 | 0.3 | c  | false |   10
(10 rows)
> create statistics __ts_auto__ on [1,2,3,4,5] from t5;
CREATE STATISTICS
> select "name","columnIDs","rowCount","distinctCount","nullCount" from system.table_statistics  where name = '__ts_auto__';
     name     | columnIDs | rowCount | distinctCount | nullCount
--------------+-----------+----------+---------------+------------
  __ts_auto__ | {1}       |       10 |            10 |         0
  __ts_auto__ | {2}       |       10 |            10 |         0
  __ts_auto__ | {3}       |       10 |             8 |         0
  __ts_auto__ | {4}       |       10 |            10 |         0
  __ts_auto__ | {5}       |       10 |             3 |         0
(5 rows)
> create statistics __ts_auto__ on [5,2,3,4,1] from t5;
CREATE STATISTICS
> select "name","columnIDs","rowCount","distinctCount","nullCount" from system.table_statistics  where name = '__ts_auto__';
     name     | columnIDs | rowCount | distinctCount | nullCount
--------------+-----------+----------+---------------+------------
  __ts_auto__ | {1}       |       10 |            10 |         0
  __ts_auto__ | {2}       |       10 |            10 |         0
  __ts_auto__ | {3}       |       10 |             8 |         0
  __ts_auto__ | {4}       |       10 |            10 |         0
  __ts_auto__ | {5}       |       10 |             3 |         0
(5 rows)
> create statistics __ts_auto__ on [1,3,2,5,4] from t5;
CREATE STATISTICS
> select "name","columnIDs","rowCount","distinctCount","nullCount" from system.table_statistics  where name = '__ts_auto__';
     name     | columnIDs | rowCount | distinctCount | nullCount
--------------+-----------+----------+---------------+------------
  __ts_auto__ | {1}       |       10 |            10 |         0
  __ts_auto__ | {2}       |       10 |            10 |         0
  __ts_auto__ | {3}       |       10 |             8 |         0
  __ts_auto__ | {4}       |       10 |            10 |         0
  __ts_auto__ | {5}       |       10 |             3 |         0
(5 rows)
> create statistics __ts_auto__ on [1,3,2,5,4,6,7] from t5;
ERROR: statistics can be created only in all primary tag columns or in one of them
SQLSTATE: 0A000
> select "name","columnIDs","rowCount","distinctCount","nullCount" from system.table_statistics  where name = '__ts_auto__';
     name     | columnIDs | rowCount | distinctCount | nullCount
--------------+-----------+----------+---------------+------------
  __ts_auto__ | {1}       |       10 |            10 |         0
  __ts_auto__ | {2}       |       10 |            10 |         0
  __ts_auto__ | {3}       |       10 |             8 |         0
  __ts_auto__ | {4}       |       10 |            10 |         0
  __ts_auto__ | {5}       |       10 |             3 |         0
(5 rows)
> create statistics __ts_auto__ on [6,7,8] from t5;
CREATE STATISTICS
> select "name","columnIDs","rowCount","distinctCount","nullCount" from system.table_statistics  where name = '__ts_auto__';
     name     | columnIDs | rowCount | distinctCount | nullCount
--------------+-----------+----------+---------------+------------
  __ts_auto__ | {1}       |       10 |            10 |         0
  __ts_auto__ | {2}       |       10 |            10 |         0
  __ts_auto__ | {3}       |       10 |             8 |         0
  __ts_auto__ | {4}       |       10 |            10 |         0
  __ts_auto__ | {5}       |       10 |             3 |         0
  __ts_auto__ | {6}       |       10 |             3 |         0
  __ts_auto__ | {7}       |       10 |             2 |         0
  __ts_auto__ | {8}       |       10 |             8 |         0
  __ts_auto__ | {6,7,8}   |       10 |            10 |         0
(9 rows)
> DELETE FROM system.table_statistics WHERE name = '__ts_auto__';
DELETE 9
> create statistics t3s6 on c1,c2 from t3;
ERROR: statistics can be created only in all primary tag columns or in one of them
SQLSTATE: 0A000
> create statistics t3s7 on c1,c2,c3 from t3;
ERROR: statistics can be created only in all primary tag columns or in one of them
SQLSTATE: 0A000
> create statistics t3s8 on c3,c4 from t3;
ERROR: statistics can be created only in all primary tag columns or in one of them
SQLSTATE: 0A000
> create statistics t3s9 on c1,c1,c1,c1 from t3;
ERROR: statistics can be created only in all primary tag columns or in one of them
SQLSTATE: 0A000
> create statistics t3s9 on c1,c2,c3,c4,c1 from t3;
ERROR: statistics can be created only in all primary tag columns or in one of them
SQLSTATE: 0A000
> create statistics t3s9 from t5 as of system time '1µs';
ERROR: create statistics do not support `as of system time` on time series tables
SQLSTATE: 0A000
> CREATE ts DATABASE test_select;
CREATE TS DATABASE
> CREATE TABLE test_select.t1(
                               k_timestamp TIMESTAMPTZ NOT NULL,
                               id INT NOT NULL,
                               e1 INT2,
                               e2 INT,
                               e3 INT8,
                               e4 FLOAT4,
                               e5 FLOAT8,
                               e6 BOOL,
                               e7 TIMESTAMPTZ,
                               e8 CHAR(1023),
                               e9 NCHAR(255),
                               e10 VARCHAR(4096),
                               e11 CHAR,
                               e12 CHAR(255),
                               e13 NCHAR,
                               e14 NVARCHAR(4096),
                               e15 VARCHAR(1023),
                               e16 NVARCHAR(200),
                               e17 NCHAR(255),
                               e18 CHAR(200),
                               e19 VARBYTES,
                               e20 VARBYTES(60),
                               e21 VARCHAR,
                               e22 NVARCHAR)
    ATTRIBUTES (
            code1 INT2 NOT NULL,code2 INT,code3 INT8,
            code4 FLOAT4 ,code5 FLOAT8,
            code6 BOOL,
            code7 VARCHAR,code8 VARCHAR(128) NOT NULL,
            code9 VARBYTES,code10 VARBYTES(60),
            code11 VARCHAR,code12 VARCHAR(60),
            code13 CHAR(2),code14 CHAR(1023) NOT NULL,
            code15 NCHAR,code16 NCHAR(254) NOT NULL)
PRIMARY TAGS(code1,code14,code8,code16);
CREATE TABLE
> INSERT INTO test_select.t1 VALUES('2000-1-1 1:00:00',20,1,-1,1,-2.125,1,false,'2020-1-1 12:00:00.000','\0\0中文te@@~eng TE./。\0\0\0' ,'\0\0中文te@@~eng TE./。\0\\0\0' ,'\0\0中文te@@~eng TE./。\0\0\0' ,''  ,'\0\0中文te@@~eng TE./。\0\\0\0' ,'\'  ,'\0\0中文te@@~eng TE./。\0\0\0' ,'\0\0中文te@@~eng TE./。\0\\0\0' ,'\0\0中文te@@~eng TE./。\0\0\0' ,'\0\0中文te@@~eng TE./。\0\\0\0' ,'\0\0中文te@@~eng TE./。\0\0\0' ,' '  ,'中文te@@~eng TE./' ,'\0\0中文te@@~eng TE./。\0\0\0' ,'\0\0中文te@@~eng TE./。\0\\0\0' ,-1,0,0,0,0,false,'\0\0中文te@@~eng TE./。\0\0\0' ,'\0\0中文te@@~eng TE./。\0\\0\0' ,' ','中文te@@~eng TE./。' ,'\0\0中文te@@~eng TE./。\0\\0\0' ,'\0\0中文te@@~eng TE./。\0\\0\0' ,'\ ' ,'\0\0中文te@@~eng TE./。\0\0\0' ,''  ,'\0\0中文te@@~eng TE./。\0\\0\0');
INSERT 1
> CREATE STATISTICS st0 FROM test_select.t1;
CREATE STATISTICS
> select "name","columnIDs","rowCount","distinctCount","nullCount" from system.table_statistics  where name = 'st0';
  name |   columnIDs   | rowCount | distinctCount | nullCount
-------+---------------+----------+---------------+------------
  st0  | {1}           |        1 |             1 |         0
  st0  | {2}           |        1 |             1 |         0
  st0  | {3}           |        1 |             1 |         0
  st0  | {4}           |        1 |             1 |         0
  st0  | {5}           |        1 |             1 |         0
  st0  | {6}           |        1 |             1 |         0
  st0  | {7}           |        1 |             1 |         0
  st0  | {8}           |        1 |             1 |         0
  st0  | {9}           |        1 |             1 |         0
  st0  | {10}          |        1 |             1 |         0
  st0  | {11}          |        1 |             1 |         0
  st0  | {12}          |        1 |             1 |         0
  st0  | {13}          |        1 |             1 |         0
  st0  | {14}          |        1 |             1 |         0
  st0  | {15}          |        1 |             1 |         0
  st0  | {16}          |        1 |             1 |         0
  st0  | {17}          |        1 |             1 |         0
  st0  | {18}          |        1 |             1 |         0
  st0  | {19}          |        1 |             1 |         0
  st0  | {20}          |        1 |             1 |         0
  st0  | {21}          |        1 |             1 |         0
  st0  | {22}          |        1 |             1 |         0
  st0  | {23}          |        1 |             1 |         0
  st0  | {24}          |        1 |             1 |         0
  st0  | {26}          |        1 |             1 |         0
  st0  | {27}          |        1 |             1 |         0
  st0  | {28}          |        1 |             1 |         0
  st0  | {29}          |        1 |             1 |         0
  st0  | {30}          |        1 |             1 |         0
  st0  | {31}          |        1 |             1 |         0
  st0  | {33}          |        1 |             1 |         0
  st0  | {34}          |        1 |             1 |         0
  st0  | {35}          |        1 |             1 |         0
  st0  | {36}          |        1 |             1 |         0
  st0  | {37}          |        1 |             1 |         0
  st0  | {39}          |        1 |             1 |         0
  st0  | {25}          |        1 |             1 |         0
  st0  | {32}          |        1 |             1 |         0
  st0  | {38}          |        1 |             1 |         0
  st0  | {40}          |        1 |             1 |         0
  st0  | {25,32,38,40} |        1 |             1 |         0
(41 rows)
> ALTER TABLE test_select.t1 ADD COLUMN c1 int null;
ALTER TABLE
> ALTER TABLE test_select.t1 ADD COLUMN c2 int null;
ALTER TABLE
> select pg_sleep(3);
  pg_sleep
------------
    true
(1 row)
> INSERT INTO test_select.t1 VALUES('2000-1-1 2:00:00',20,1,-1,1,-2.125,2,true,'2020-1-1 12:00:00.000','\0\0中文te@@~eng TE./。\0\0\0' ,'\0\0中文te@@~eng TE./。\0\\0\0' ,'\0\0中文te@@~eng TE./。\0\0\0' ,''  ,'\0\0中文te@@~eng TE./。\0\\0\0' ,'\'  ,'\0\0中文te@@~eng TE./。\0\0\0' ,'\0\0中文te@@~eng TE./。\0\\0\0' ,'\0\0中文te@@~eng TE./。\0\0\0' ,'\0\0中文te@@~eng TE./。\0\\0\0' ,'\0\0中文te@@~eng TE./。\0\0\0' ,' '  ,'中文te@@~eng TE./' ,'\0\0中文te@@~eng TE./。\0\0\0' ,'\0\0中文te@@~eng TE./。\0\\0\0' ,null,1,-1,0,0,0,0,false,'\0\0中文te@@~eng TE./。\0\0\0' ,'\0\0中文te@@~eng TE./。\0\\0\0' ,' ','中文te@@~eng TE./。' ,'\0\0中文te@@~eng TE./。\0\\0\0' ,'\0\0中文te@@~eng TE./。\0\\0\0' ,'\ ' ,'\0\0中文te@@~eng TE./。\0\0\0' ,''  ,'\0\0中文te@@~eng TE./。\0\\0\0');
INSERT 1
> CREATE STATISTICS st0 FROM test_select.t1;
CREATE STATISTICS
> select "name","columnIDs","rowCount","distinctCount","nullCount" from system.table_statistics  where name = 'st0';
  name |   columnIDs   | rowCount | distinctCount | nullCount
-------+---------------+----------+---------------+------------
  st0  | {1}           |        2 |             2 |         0
  st0  | {2}           |        2 |             1 |         0
  st0  | {3}           |        2 |             1 |         0
  st0  | {4}           |        2 |             1 |         0
  st0  | {5}           |        2 |             1 |         0
  st0  | {6}           |        2 |             1 |         0
  st0  | {7}           |        2 |             2 |         0
  st0  | {8}           |        2 |             2 |         0
  st0  | {9}           |        2 |             1 |         0
  st0  | {10}          |        2 |             1 |         0
  st0  | {11}          |        2 |             1 |         0
  st0  | {12}          |        2 |             1 |         0
  st0  | {13}          |        2 |             1 |         0
  st0  | {14}          |        2 |             1 |         0
  st0  | {15}          |        2 |             1 |         0
  st0  | {16}          |        2 |             1 |         0
  st0  | {17}          |        2 |             1 |         0
  st0  | {18}          |        2 |             1 |         0
  st0  | {19}          |        2 |             1 |         0
  st0  | {20}          |        2 |             1 |         0
  st0  | {21}          |        2 |             1 |         0
  st0  | {22}          |        2 |             1 |         0
  st0  | {23}          |        2 |             1 |         0
  st0  | {24}          |        2 |             1 |         0
  st0  | {26}          |        1 |             1 |         0
  st0  | {27}          |        1 |             1 |         0
  st0  | {28}          |        1 |             1 |         0
  st0  | {29}          |        1 |             1 |         0
  st0  | {30}          |        1 |             1 |         0
  st0  | {31}          |        1 |             1 |         0
  st0  | {33}          |        1 |             1 |         0
  st0  | {34}          |        1 |             1 |         0
  st0  | {35}          |        1 |             1 |         0
  st0  | {36}          |        1 |             1 |         0
  st0  | {37}          |        1 |             1 |         0
  st0  | {39}          |        1 |             1 |         0
  st0  | {41}          |        2 |             1 |         2
  st0  | {42}          |        2 |             2 |         1
  st0  | {25}          |        1 |             1 |         0
  st0  | {32}          |        1 |             1 |         0
  st0  | {38}          |        1 |             1 |         0
  st0  | {40}          |        1 |             1 |         0
  st0  | {25,32,38,40} |        1 |             1 |         0
(43 rows)
> ALTER TABLE test_select.t1 DROP COLUMN e20;
ALTER TABLE
> ALTER TABLE test_select.t1 DROP COLUMN e21;
ALTER TABLE
> ALTER TABLE test_select.t1 DROP COLUMN e22;
ALTER TABLE
> select pg_sleep(3);
  pg_sleep
------------
    true
(1 row)
> INSERT INTO test_select.t1 VALUES('2000-1-1 3:00:00',20,1,-1,1,-2.125,2,true,'2020-1-1 12:00:00.000','\0\0中文te@@~eng TE./。\0\0\0' ,'\0\0中文te@@~eng TE./。\0\\0\0' ,'\0\0中文te@@~eng TE./。\0\0\0' ,''  ,'\0\0中文te@@~eng TE./。\0\\0\0' ,'\'  ,'\0\0中文te@@~eng TE./。\0\0\0' ,'\0\0中文te@@~eng TE./。\0\\0\0' ,'\0\0中文te@@~eng TE./。\0\0\0' ,'\0\0中文te@@~eng TE./。\0\\0\0' ,'\0\0中文te@@~eng TE./。\0\0\0' ,' '  ,1,1,-1,0,0,0,0,false,'\0\0中文te@@~eng TE./。\0\0\0' ,'\0\0中文te@@~eng TE./。\0\\0\0' ,' ','中文te@@~eng TE./。' ,'\0\0中文te@@~eng TE./。\0\\0\0' ,'\0\0中文te@@~eng TE./。\0\\0\0' ,'\ ' ,'\0\0中文te@@~eng TE./。\0\0\0' ,''  ,'\0\0中文te@@~eng TE./。\0\\0\0');
INSERT 1
> CREATE STATISTICS st0 FROM test_select.t1;
CREATE STATISTICS
> select "name","columnIDs","rowCount","distinctCount","nullCount" from system.table_statistics  where name = 'st0';
  name |   columnIDs   | rowCount | distinctCount | nullCount
-------+---------------+----------+---------------+------------
  st0  | {22}          |        2 |             1 |         0
  st0  | {23}          |        2 |             1 |         0
  st0  | {24}          |        2 |             1 |         0
  st0  | {1}           |        3 |             3 |         0
  st0  | {2}           |        3 |             1 |         0
  st0  | {3}           |        3 |             1 |         0
  st0  | {4}           |        3 |             1 |         0
  st0  | {5}           |        3 |             1 |         0
  st0  | {6}           |        3 |             1 |         0
  st0  | {7}           |        3 |             2 |         0
  st0  | {8}           |        3 |             2 |         0
  st0  | {9}           |        3 |             1 |         0
  st0  | {10}          |        3 |             1 |         0
  st0  | {11}          |        3 |             1 |         0
  st0  | {12}          |        3 |             1 |         0
  st0  | {13}          |        3 |             1 |         0
  st0  | {14}          |        3 |             1 |         0
  st0  | {15}          |        3 |             1 |         0
  st0  | {16}          |        3 |             1 |         0
  st0  | {17}          |        3 |             1 |         0
  st0  | {18}          |        3 |             1 |         0
  st0  | {19}          |        3 |             1 |         0
  st0  | {20}          |        3 |             1 |         0
  st0  | {21}          |        3 |             1 |         0
  st0  | {26}          |        1 |             1 |         0
  st0  | {27}          |        1 |             1 |         0
  st0  | {28}          |        1 |             1 |         0
  st0  | {29}          |        1 |             1 |         0
  st0  | {30}          |        1 |             1 |         0
  st0  | {31}          |        1 |             1 |         0
  st0  | {33}          |        1 |             1 |         0
  st0  | {34}          |        1 |             1 |         0
  st0  | {35}          |        1 |             1 |         0
  st0  | {36}          |        1 |             1 |         0
  st0  | {37}          |        1 |             1 |         0
  st0  | {39}          |        1 |             1 |         0
  st0  | {41}          |        3 |             2 |         2
  st0  | {42}          |        3 |             2 |         1
  st0  | {25}          |        1 |             1 |         0
  st0  | {32}          |        1 |             1 |         0
  st0  | {38}          |        1 |             1 |         0
  st0  | {40}          |        1 |             1 |         0
  st0  | {25,32,38,40} |        1 |             1 |         0
(43 rows)
> ALTER TABLE test_select.t1 DROP TAG code2;
ALTER TABLE
> ALTER TABLE test_select.t1 ADD TAG code17 int null;
ALTER TABLE
> ALTER TABLE test_select.t1 DROP TAG code3;
ALTER TABLE
> select pg_sleep(3);
  pg_sleep
------------
    true
(1 row)
> INSERT INTO test_select.t1 VALUES('2000-1-1 4:00:00',20,1,-1,1,-2.125,2,true,'2020-1-1 12:00:00.000','\0\0中文te@@~eng TE./。\0\0\0' ,'\0\0中文te@@~eng TE./。\0\\0\0' ,'\0\0中文te@@~eng TE./。\0\0\0' ,''  ,'\0\0中文te@@~eng TE./。\0\\0\0' ,'\'  ,'\0\0中文te@@~eng TE./。\0\0\0' ,'\0\0中文te@@~eng TE./。\0\\0\0' ,'\0\0中文te@@~eng TE./。\0\0\0' ,'\0\0中文te@@~eng TE./。\0\\0\0' ,'\0\0中文te@@~eng TE./。\0\0\0' ,' '  ,1,0,0,0,0,false,'\0\0中文te@@~eng TE./。\0\0\0' ,'\0\0中文te@@~eng TE./。\0\\0\0' ,' ','中文te@@~eng TE./。' ,'\0\0中文te@@~eng TE./。\0\\0\0' ,'\0\0中文te@@~eng TE./。\0\\0\0' ,'\ ' ,'\0\0中文te@@~eng TE./。\0\0\0' ,''  ,'\0\0中文te@@~eng TE./。\0\\0\0',1);
INSERT 1
> CREATE STATISTICS st0 FROM test_select.t1;
CREATE STATISTICS
> select "name","columnIDs","rowCount","distinctCount","nullCount" from system.table_statistics  where name = 'st0';
  name |   columnIDs   | rowCount | distinctCount | nullCount
-------+---------------+----------+---------------+------------
  st0  | {22}          |        2 |             1 |         0
  st0  | {23}          |        2 |             1 |         0
  st0  | {24}          |        2 |             1 |         0
  st0  | {26}          |        1 |             1 |         0
  st0  | {27}          |        1 |             1 |         0
  st0  | {1}           |        4 |             4 |         0
  st0  | {2}           |        4 |             1 |         0
  st0  | {3}           |        4 |             1 |         0
  st0  | {4}           |        4 |             1 |         0
  st0  | {5}           |        4 |             1 |         0
  st0  | {6}           |        4 |             1 |         0
  st0  | {7}           |        4 |             2 |         0
  st0  | {8}           |        4 |             2 |         0
  st0  | {9}           |        4 |             1 |         0
  st0  | {10}          |        4 |             1 |         0
  st0  | {11}          |        4 |             1 |         0
  st0  | {12}          |        4 |             1 |         0
  st0  | {13}          |        4 |             1 |         0
  st0  | {14}          |        4 |             1 |         0
  st0  | {15}          |        4 |             1 |         0
  st0  | {16}          |        4 |             1 |         0
  st0  | {17}          |        4 |             1 |         0
  st0  | {18}          |        4 |             1 |         0
  st0  | {19}          |        4 |             1 |         0
  st0  | {20}          |        4 |             1 |         0
  st0  | {21}          |        4 |             1 |         0
  st0  | {28}          |        2 |             1 |         0
  st0  | {29}          |        2 |             1 |         0
  st0  | {30}          |        2 |             1 |         0
  st0  | {31}          |        2 |             1 |         0
  st0  | {33}          |        2 |             1 |         0
  st0  | {34}          |        2 |             1 |         0
  st0  | {35}          |        2 |             1 |         0
  st0  | {36}          |        2 |             1 |         0
  st0  | {37}          |        2 |             1 |         0
  st0  | {39}          |        2 |             1 |         0
  st0  | {41}          |        4 |             2 |         2
  st0  | {42}          |        4 |             3 |         1
  st0  | {43}          |        2 |             2 |         1
  st0  | {25}          |        2 |             2 |         0
  st0  | {32}          |        2 |             1 |         0
  st0  | {38}          |        2 |             1 |         0
  st0  | {40}          |        2 |             1 |         0
  st0  | {25,32,38,40} |        2 |             2 |         0
(44 rows)
> Create table t6(k_timestamp timestamp not null,c1 int,c2 int,c3 double) tags (c4 float, c5 char not null, c6 bool not null,size int not null) primary tags (c5, c6 ,size) ;
CREATE TABLE
> Insert into t6 values ('2024-1-1 1:00:00',1,100,0.1,0.1,'a',true,2);
INSERT 1
> Insert into t6 values ('2024-1-1 1:01:00',2,200,0.2,0.1,'a',false,2);
INSERT 1
> Insert into t6 values ('2024-1-1 2:00:00',3,200,0.3,0.1,'a',true,2);
INSERT 1
> Insert into t6 values ('2024-1-1 3:00:00',4,500,0.4,0.2,'b',false,4);
INSERT 1
> Insert into t6 values ('2024-1-1 4:00:00',5,500,0.5,0.2,'b',true,5);
INSERT 1
> Insert into t6 values ('2024-1-1 5:00:00',6,6,0.6,0.2,'b',true,5);
INSERT 1
> Insert into t6 values ('2024-1-1 6:00:00',7,7,0.7,0.3,'c',true,7);
INSERT 1
> Insert into t6 values ('2024-1-1 7:00:00',8,8,0.8,0.3,'c',false,8);
INSERT 1
> Insert into t6 values ('2024-1-1 8:00:00',9,9,0.9,0.3,'c',true,9);
INSERT 1
> Insert into t6 values ('2024-1-1 9:00:00',10,10,1.0,0.3,'c',false,10);
INSERT 1
> create statistics st_multiy on c1,c2 from t6;
ERROR: multi-column statistics are not supported yet.
SQLSTATE: 0A000
> create statistics st_multiy on c5,c6 from t6;
ERROR: statistics can be created only in all primary tag columns or in one of them
SQLSTATE: 0A000
> create statistics st_multiy1 on c5,c6,size from t6;
CREATE STATISTICS
> select "name","columnIDs","rowCount","distinctCount","nullCount" from system.table_statistics  where name = 'st_multiy1';
     name    | columnIDs | rowCount | distinctCount | nullCount
-------------+-----------+----------+---------------+------------
  st_multiy1 | {6,7,8}   |        8 |             8 |         0
(1 row)
> create statistics st_multiy2 on c5,size,c6 from t6;
CREATE STATISTICS
> select "name","columnIDs","rowCount","distinctCount","nullCount" from system.table_statistics  where name = 'st_multiy2';
     name    | columnIDs | rowCount | distinctCount | nullCount
-------------+-----------+----------+---------------+------------
  st_multiy2 | {6,8,7}   |        8 |             8 |         0
(1 row)
> create statistics st_multiy3 on size,c5,c6 from t6;
CREATE STATISTICS
> select "name","columnIDs","rowCount","distinctCount","nullCount" from system.table_statistics  where name = 'st_multiy3';
     name    | columnIDs | rowCount | distinctCount | nullCount
-------------+-----------+----------+---------------+------------
  st_multiy3 | {8,6,7}   |        8 |             8 |         0
(1 row)
> create statistics auto_multiy on [6,7,8] from t6;
CREATE STATISTICS
> select "name","columnIDs","rowCount","distinctCount","nullCount" from system.table_statistics  where name = 'auto_multiy';
     name     | columnIDs | rowCount | distinctCount | nullCount
--------------+-----------+----------+---------------+------------
  auto_multiy | {6}       |        8 |             3 |         0
  auto_multiy | {7}       |        8 |             2 |         0
  auto_multiy | {8}       |        8 |             7 |         0
  auto_multiy | {6,7,8}   |        8 |             8 |         0
(4 rows)
> Create table t7(k_timestamp timestamp not null,c1 int2,c2 int4,c3 float4,c4 float8,c5 char,c6 varchar(10),c7 int8,c8 nchar(10),c9 nvarchar(10),c10 varbytes,c11 timestamptz,c12 bool) tags (size int not null) primary tags (size) ;
CREATE TABLE
> Insert into t7 values ('2024-1-1 1:00:00',1,100,0.1,0.1,'a','aa',1000,'e','f','g','2024-1-1 1:00:00',true,1);
INSERT 1
> Insert into t7 values ('2024-1-1 1:10:00',1,100,0.1,0.1,'a','aa',1000,'e','f','g','2024-1-1 1:00:00',true,1);
INSERT 1
> Insert into t7 values ('2024-1-1 1:20:00',1,100,0.1,0.1,'a','aa',1000,'e','f','g','2024-1-1 1:00:00',true,2);
INSERT 1
> Insert into t7 values ('2024-1-1 1:30:00',1,100,0.1,0.1,'a','aa',1000,'e','f','g','2024-1-1 1:00:00',true,2);
INSERT 1
> Insert into t7 values ('2024-1-1 1:40:00',1,100,0.1,0.1,'a','aa',1000,'e','f','g','2024-1-1 1:00:00',true,2);
INSERT 1
> Insert into t7 values ('2024-1-1 2:00:00',2,200,0.2,0.1,'a','aaa',1000,'e','f','g','2024-1-1 1:00:00',true,3);
INSERT 1
> Insert into t7 values ('2024-1-1 2:30:00',2,200,0.2,0.1,'a','aaa',1000,'e','f','g','2024-1-1 1:00:00',true,4);
INSERT 1
> Insert into t7 values ('2024-1-1 3:00:00',3,200,0.3,0.1,'a','aaa',2000,'ee','ff','gg','2024-1-1 1:00:01',true,5);
INSERT 1
> Insert into t7 values ('2024-1-1 4:00:00',4,500,0.4,0.2,'b','bb',2000,'ee','ff','gg','2024-1-1 1:00:01',false,6);
INSERT 1
> Insert into t7 values ('2024-1-1 5:00:00',5,500,0.5,0.2,'b','bb',3000,'eee','ff','gg','2024-1-1 1:00:02',false,7);
INSERT 1
> Insert into t7 values ('2024-1-1 5:10:00',5,500,0.5,0.2,'b','bb',3000,'eee','ff','gg','2024-1-1 1:00:02',false,8);
INSERT 1
> Insert into t7 values ('2024-1-1 5:20:00',5,500,0.5,0.2,'b','bb',3000,'eee','ff','gg','2024-1-1 1:00:02',false,9);
INSERT 1
> Insert into t7 values ('2024-1-1 5:30:00',5,500,0.5,0.2,'b','bb',3000,'eee','ff','gg','2024-1-1 1:00:02',false,10);
INSERT 1
> Insert into t7 values ('2024-1-1 6:00:00',6,6,0.6,0.2,'b','bbb',3000,'eee','fff','ggg','2024-1-1 1:00:02',true,11);
INSERT 1
> Insert into t7 values ('2024-1-1 7:00:00',7,7,0.7,0.3,'c','cc',3000,'eee','fff','ggg','2024-1-1 1:00:02',true,12);
INSERT 1
> Insert into t7 values ('2024-1-1 7:30:00',7,7,0.7,0.3,'c','cc',3000,'eee','fff','ggg','2024-1-1 1:00:02',true,12);
INSERT 1
> Insert into t7 values ('2024-1-1 7:50:00',7,7,0.7,0.3,'c','cc',3000,'eee','fff','ggg','2024-1-1 1:00:02',true,12);
INSERT 1
> Insert into t7 values ('2024-1-1 8:00:00',8,8,0.8,0.3,'c','cc',5000,'eeee','fff','ggg','2024-1-1 1:00:03',false,13);
INSERT 1
> Insert into t7 values ('2024-1-1 8:10:00',8,8,0.8,0.3,'c','cc',5000,'eeee','fff','ggg','2024-1-1 1:00:03',false,14);
INSERT 1
> Insert into t7 values ('2024-1-1 8:20:00',8,8,0.8,0.3,'c','cc',5000,'eeee','fff','ggg','2024-1-1 1:00:03',false,14);
INSERT 1
> Insert into t7 values ('2024-1-1 8:30:00',8,8,0.8,0.3,'c','cc',5000,'eeee','fff','ggg','2024-1-1 1:00:03',false,14);
INSERT 1
> Insert into t7 values ('2024-1-1 8:50:00',8,8,0.8,0.3,'c','cc',5000,'eeee','fff','ggg','2024-1-1 1:00:03',false,15);
INSERT 1
> Insert into t7 values ('2024-1-1 9:00:00',9,9,0.9,0.3,'c','cc',5000,'eeee','fff','ggg','2024-1-1 1:00:03',true,16);
INSERT 1
> Insert into t7 values ('2024-1-1 10:00:00',10,10,1.0,0.3,'c','ccc',6000,'eeee','fffff','ggg','2024-1-1 1:00:05',false,17);
INSERT 1
> ALTER TABLE t7 INJECT STATISTICS '[
  {
    "columns": ["size"],
    "created_at": "2024-09-05",
    "row_count": 17,
    "distinct_count": 17,
    "null_count": 0,
    "sort_histogram_buckets": [
      {"row_count": 1,"unordered_row_count": 0,"ordered_entities": 1,"unordered_entities": 0,"upper_bound": "2023-12-31 17:00:00+00:00"},
      {"row_count": 6,"unordered_row_count": 0,"ordered_entities": 3,"unordered_entities": 0,"upper_bound": "2023-12-31 18:00:00+00:00"},
      {"row_count": 2,"unordered_row_count": 0,"ordered_entities": 2,"unordered_entities": 0,"upper_bound": "2023-12-31 19:00:00+00:00"},
      {"row_count": 1,"unordered_row_count": 0,"ordered_entities": 1,"unordered_entities": 0,"upper_bound": "2023-12-31 20:00:00+00:00"},
      {"row_count": 1,"unordered_row_count": 0,"ordered_entities": 1,"unordered_entities": 0,"upper_bound": "2023-12-31 21:00:00+00:00"},
      {"row_count": 4,"unordered_row_count": 0,"ordered_entities": 4,"unordered_entities": 0,"upper_bound": "2023-12-31 22:00:00+00:00"},
      {"row_count": 3,"unordered_row_count": 0,"ordered_entities": 1,"unordered_entities": 0,"upper_bound": "2023-12-31 23:00:00+00:00"},
      {"row_count": 4,"unordered_row_count": 0,"ordered_entities": 2,"unordered_entities": 0,"upper_bound": "2024-01-01 00:00:00+00:00"},
      {"row_count": 5,"unordered_row_count": 0,"ordered_entities": 3,"unordered_entities": 0,"upper_bound": "2024-01-01 01:00:00+00:00"},
      {"row_count": 1,"unordered_row_count": 0,"ordered_entities": 1,"unordered_entities": 0,"upper_bound": "2024-01-01 02:00:00+00:00"}
    ],
    "histo_col_type": "TIMESTAMPTZ"
  }]';
ALTER TABLE
> show sort_histogram for table t7;
          upper_bound         | row_count | unordered_row_count | ordered_entities_count | unordered_entities_count
------------------------------+-----------+---------------------+------------------------+---------------------------
  '2023-12-31 17:00:00+00:00' |         1 |                   0 |                      1 |                        0
  '2023-12-31 18:00:00+00:00' |         6 |                   0 |                      3 |                        0
  '2023-12-31 19:00:00+00:00' |         2 |                   0 |                      2 |                        0
  '2023-12-31 20:00:00+00:00' |         1 |                   0 |                      1 |                        0
  '2023-12-31 21:00:00+00:00' |         1 |                   0 |                      1 |                        0
  '2023-12-31 22:00:00+00:00' |         4 |                   0 |                      4 |                        0
  '2023-12-31 23:00:00+00:00' |         3 |                   0 |                      1 |                        0
  '2024-01-01 00:00:00+00:00' |         4 |                   0 |                      2 |                        0
  '2024-01-01 01:00:00+00:00' |         5 |                   0 |                      3 |                        0
  '2024-01-01 02:00:00+00:00' |         1 |                   0 |                      1 |                        0
(10 rows)
> Create table t8(k_timestamp timestamp not null,c1 int2,c2 int4,c3 float4,c4 float8,c5 char,c6 varchar(10),c7 int8,c8 nchar(10),c9 nvarchar(10),c10 varbytes,c11 timestamptz,c12 bool) tags (size int not null) primary tags (size) ;
CREATE TABLE
> Insert into t8 values ('2024-1-1 10:00:00',10,10,1.0,0.3,'c','ccc',6000,'eeee','fffff','ggg','2024-1-1 1:00:05',false,17);
INSERT 1
> Insert into t8 values ('2024-1-1 9:00:00',9,9,0.9,0.3,'c','cc',5000,'eeee','fff','ggg','2024-1-1 1:00:03',true,16);
INSERT 1
> Insert into t8 values ('2024-1-1 8:50:00',8,8,0.8,0.3,'c','cc',5000,'eeee','fff','ggg','2024-1-1 1:00:03',false,15);
INSERT 1
> Insert into t8 values ('2024-1-1 8:30:00',8,8,0.8,0.3,'c','cc',5000,'eeee','fff','ggg','2024-1-1 1:00:03',false,14);
INSERT 1
> Insert into t8 values ('2024-1-1 8:20:00',8,8,0.8,0.3,'c','cc',5000,'eeee','fff','ggg','2024-1-1 1:00:03',false,14);
INSERT 1
> Insert into t8 values ('2024-1-1 8:10:00',8,8,0.8,0.3,'c','cc',5000,'eeee','fff','ggg','2024-1-1 1:00:03',false,14);
INSERT 1
> Insert into t8 values ('2024-1-1 8:00:00',8,8,0.8,0.3,'c','cc',5000,'eeee','fff','ggg','2024-1-1 1:00:03',false,13);
INSERT 1
> Insert into t8 values ('2024-1-1 7:50:00',7,7,0.7,0.3,'c','cc',3000,'eee','fff','ggg','2024-1-1 1:00:02',true,12);
INSERT 1
> Insert into t8 values ('2024-1-1 7:30:00',7,7,0.7,0.3,'c','cc',3000,'eee','fff','ggg','2024-1-1 1:00:02',true,12);
INSERT 1
> Insert into t8 values ('2024-1-1 7:00:00',7,7,0.7,0.3,'c','cc',3000,'eee','fff','ggg','2024-1-1 1:00:02',true,12);
INSERT 1
> Insert into t8 values ('2024-1-1 6:00:00',6,6,0.6,0.2,'b','bbb',3000,'eee','fff','ggg','2024-1-1 1:00:02',true,11);
INSERT 1
> Insert into t8 values ('2024-1-1 5:30:00',5,500,0.5,0.2,'b','bb',3000,'eee','ff','gg','2024-1-1 1:00:02',false,10);
INSERT 1
> Insert into t8 values ('2024-1-1 5:20:00',5,500,0.5,0.2,'b','bb',3000,'eee','ff','gg','2024-1-1 1:00:02',false,9);
INSERT 1
> Insert into t8 values ('2024-1-1 5:10:00',5,500,0.5,0.2,'b','bb',3000,'eee','ff','gg','2024-1-1 1:00:02',false,8);
INSERT 1
> Insert into t8 values ('2024-1-1 5:00:00',5,500,0.5,0.2,'b','bb',3000,'eee','ff','gg','2024-1-1 1:00:02',false,7);
INSERT 1
> Insert into t8 values ('2024-1-1 4:00:00',4,500,0.4,0.2,'b','bb',2000,'ee','ff','gg','2024-1-1 1:00:01',false,6);
INSERT 1
> Insert into t8 values ('2024-1-1 3:00:00',3,200,0.3,0.1,'a','aaa',2000,'ee','ff','gg','2024-1-1 1:00:01',true,5);
INSERT 1
> Insert into t8 values ('2024-1-1 2:30:00',2,200,0.2,0.1,'a','aaa',1000,'e','f','g','2024-1-1 1:00:00',true,4);
INSERT 1
> Insert into t8 values ('2024-1-1 2:00:00',2,200,0.2,0.1,'a','aaa',1000,'e','f','g','2024-1-1 1:00:00',true,3);
INSERT 1
> Insert into t8 values ('2024-1-1 1:40:00',1,100,0.1,0.1,'a','aa',1000,'e','f','g','2024-1-1 1:00:00',true,2);
INSERT 1
> Insert into t8 values ('2024-1-1 1:30:00',1,100,0.1,0.1,'a','aa',1000,'e','f','g','2024-1-1 1:00:00',true,2);
INSERT 1
> Insert into t8 values ('2024-1-1 1:20:00',1,100,0.1,0.1,'a','aa',1000,'e','f','g','2024-1-1 1:00:00',true,2);
INSERT 1
> Insert into t8 values ('2024-1-1 1:10:00',1,100,0.1,0.1,'a','aa',1000,'e','f','g','2024-1-1 1:00:00',true,1);
INSERT 1
> Insert into t8 values ('2024-1-1 1:00:00',1,100,0.1,0.1,'a','aa',1000,'e','f','g','2024-1-1 1:00:00',true,1);
INSERT 1
> ALTER TABLE t8 INJECT STATISTICS '[
  {
    "columns": ["size"],
    "created_at": "2024-09-05",
    "row_count": 17,
    "distinct_count": 17,
    "null_count": 0,
    "sort_histogram_buckets": [
      {"row_count": 1,"unordered_row_count": 1,"ordered_entities": 0,"unordered_entities": 1,"upper_bound": "2023-12-31 17:00:00+00:00"},
      {"row_count": 6,"unordered_row_count": 5,"ordered_entities": 1,"unordered_entities": 2,"upper_bound": "2023-12-31 18:00:00+00:00"},
      {"row_count": 2,"unordered_row_count": 0,"ordered_entities": 2,"unordered_entities": 0,"upper_bound": "2023-12-31 19:00:00+00:00"},
      {"row_count": 1,"unordered_row_count": 0,"ordered_entities": 1,"unordered_entities": 0,"upper_bound": "2023-12-31 20:00:00+00:00"},
      {"row_count": 1,"unordered_row_count": 0,"ordered_entities": 1,"unordered_entities": 0,"upper_bound": "2023-12-31 21:00:00+00:00"},
      {"row_count": 4,"unordered_row_count": 0,"ordered_entities": 4,"unordered_entities": 0,"upper_bound": "2023-12-31 22:00:00+00:00"},
      {"row_count": 3,"unordered_row_count": 3,"ordered_entities": 0,"unordered_entities": 1,"upper_bound": "2023-12-31 23:00:00+00:00"},
      {"row_count": 4,"unordered_row_count": 3,"ordered_entities": 1,"unordered_entities": 1,"upper_bound": "2024-01-01 00:00:00+00:00"},
      {"row_count": 5,"unordered_row_count": 3,"ordered_entities": 2,"unordered_entities": 1,"upper_bound": "2024-01-01 01:00:00+00:00"},
      {"row_count": 1,"unordered_row_count": 0,"ordered_entities": 1,"unordered_entities": 0,"upper_bound": "2024-01-01 02:00:00+00:00"}
    ],
    "histo_col_type": "TIMESTAMPTZ"
  }]';
ALTER TABLE
> show sort_histogram for table t8;
          upper_bound         | row_count | unordered_row_count | ordered_entities_count | unordered_entities_count
------------------------------+-----------+---------------------+------------------------+---------------------------
  '2023-12-31 17:00:00+00:00' |         1 |                   1 |                      0 |                        1
  '2023-12-31 18:00:00+00:00' |         6 |                   5 |                      1 |                        2
  '2023-12-31 19:00:00+00:00' |         2 |                   0 |                      2 |                        0
  '2023-12-31 20:00:00+00:00' |         1 |                   0 |                      1 |                        0
  '2023-12-31 21:00:00+00:00' |         1 |                   0 |                      1 |                        0
  '2023-12-31 22:00:00+00:00' |         4 |                   0 |                      4 |                        0
  '2023-12-31 23:00:00+00:00' |         3 |                   3 |                      0 |                        1
  '2024-01-01 00:00:00+00:00' |         4 |                   3 |                      1 |                        1
  '2024-01-01 01:00:00+00:00' |         5 |                   3 |                      2 |                        1
  '2024-01-01 02:00:00+00:00' |         1 |                   0 |                      1 |                        0
(10 rows)
> Insert into t7 values ('2024-1-1 1:09:00',10,10,1.0,0.3,'c','ccc',6000,'eeee','fffff','ggg','2024-1-1 1:00:05',false,1);
INSERT 1
> Insert into t7 values ('2024-1-1 1:08:00',9,9,0.9,0.3,'c','cc',5000,'eeee','fff','ggg','2024-1-1 1:00:03',true,1);
INSERT 1
> Insert into t7 values ('2024-1-1 1:06:00',8,8,0.8,0.3,'c','cc',5000,'eeee','fff','ggg','2024-1-1 1:00:03',false,1);
INSERT 1
> Insert into t7 values ('2024-1-1 1:05:00',8,8,0.8,0.3,'c','cc',5000,'eeee','fff','ggg','2024-1-1 1:00:03',false,1);
INSERT 1
> Insert into t7 values ('2024-1-1 1:03:00',8,8,0.8,0.3,'c','cc',5000,'eeee','fff','ggg','2024-1-1 1:00:03',false,1);
INSERT 1
> Insert into t7 values ('2024-1-1 2:10:00',8,8,0.8,0.3,'c','cc',5000,'eeee','fff','ggg','2024-1-1 1:00:03',false,4);
INSERT 1
> Insert into t7 values ('2024-1-1 2:20:00',8,8,0.8,0.3,'c','cc',5000,'eeee','fff','ggg','2024-1-1 1:00:03',false,4);
INSERT 1
> Insert into t7 values ('2024-1-1 2:45:00',7,7,0.7,0.3,'c','cc',3000,'eee','fff','ggg','2024-1-1 1:00:02',true,5);
INSERT 1
> Insert into t7 values ('2024-1-1 2:55:00',7,7,0.7,0.3,'c','cc',3000,'eee','fff','ggg','2024-1-1 1:00:02',true,5);
INSERT 1
> Insert into t7 values ('2024-1-1 5:21:00',7,7,0.7,0.3,'c','cc',3000,'eee','fff','ggg','2024-1-1 1:00:02',true,10);
INSERT 1
> Insert into t7 values ('2024-1-1 5:22:00',6,6,0.6,0.2,'b','bbb',3000,'eee','fff','ggg','2024-1-1 1:00:02',true,10);
INSERT 1
> Insert into t7 values ('2024-1-1 5:23:00',5,500,0.5,0.2,'b','bb',3000,'eee','ff','gg','2024-1-1 1:00:02',false,10);
INSERT 1
> Insert into t7 values ('2024-1-1 5:26:00',5,500,0.5,0.2,'b','bb',3000,'eee','ff','gg','2024-1-1 1:00:02',false,10);
INSERT 1
> Insert into t7 values ('2024-1-1 5:27:00',5,500,0.5,0.2,'b','bb',3000,'eee','ff','gg','2024-1-1 1:00:02',false,10);
INSERT 1
> Insert into t7 values ('2024-1-1 5:28:00',5,500,0.5,0.2,'b','bb',3000,'eee','ff','gg','2024-1-1 1:00:02',false,10);
INSERT 1
> Insert into t7 values ('2024-1-1 7:51:00',4,500,0.4,0.2,'b','bb',2000,'ee','ff','gg','2024-1-1 1:00:01',false,13);
INSERT 1
> Insert into t7 values ('2024-1-1 7:52:00',3,200,0.3,0.1,'a','aaa',2000,'ee','ff','gg','2024-1-1 1:00:01',true,13);
INSERT 1
> Insert into t7 values ('2024-1-1 7:53:00',2,200,0.2,0.1,'a','aaa',1000,'e','f','g','2024-1-1 1:00:00',true,13);
INSERT 1
> Insert into t7 values ('2024-1-1 7:55:00',2,200,0.2,0.1,'a','aaa',1000,'e','f','g','2024-1-1 1:00:00',true,13);
INSERT 1
> Insert into t7 values ('2024-1-1 7:56:00',1,100,0.1,0.1,'a','aa',1000,'e','f','g','2024-1-1 1:00:00',true,13);
INSERT 1
> Insert into t7 values ('2024-1-1 7:58:00',1,100,0.1,0.1,'a','aa',1000,'e','f','g','2024-1-1 1:00:00',true,13);
INSERT 1
> ALTER TABLE t7 INJECT STATISTICS '[
  {
    "columns": ["size"],
    "created_at": "2024-09-05",
    "row_count": 17,
    "distinct_count": 17,
    "null_count": 0,
    "sort_histogram_buckets": [
      {"row_count": 1,"unordered_row_count": 1,"ordered_entities": 0,"unordered_entities": 1,"upper_bound": "2023-12-31 17:00:00+00:00"},
      {"row_count": 11,"unordered_row_count": 7,"ordered_entities": 2,"unordered_entities": 1,"upper_bound": "2023-12-31 18:00:00+00:00"},
      {"row_count": 6,"unordered_row_count": 6,"ordered_entities": 0,"unordered_entities": 2,"upper_bound": "2023-12-31 19:00:00+00:00"},
      {"row_count": 1,"unordered_row_count": 0,"ordered_entities": 1,"unordered_entities": 0,"upper_bound": "2023-12-31 20:00:00+00:00"},
      {"row_count": 1,"unordered_row_count": 0,"ordered_entities": 1,"unordered_entities": 0,"upper_bound": "2023-12-31 21:00:00+00:00"},
      {"row_count": 10,"unordered_row_count": 7,"ordered_entities": 3,"unordered_entities": 1,"upper_bound": "2023-12-31 22:00:00+00:00"},
      {"row_count": 3,"unordered_row_count": 0,"ordered_entities": 1,"unordered_entities": 0,"upper_bound": "2023-12-31 23:00:00+00:00"},
      {"row_count": 10,"unordered_row_count": 7,"ordered_entities": 1,"unordered_entities": 1,"upper_bound": "2024-01-01 00:00:00+00:00"},
      {"row_count": 5,"unordered_row_count": 0,"ordered_entities": 3,"unordered_entities": 0,"upper_bound": "2024-01-01 01:00:00+00:00"},
      {"row_count": 1,"unordered_row_count": 0,"ordered_entities": 1,"unordered_entities": 0,"upper_bound": "2024-01-01 02:00:00+00:00"}
    ],
    "histo_col_type": "TIMESTAMPTZ"
  }]';
ALTER TABLE
> show sort_histogram for table t7;
          upper_bound         | row_count | unordered_row_count | ordered_entities_count | unordered_entities_count
------------------------------+-----------+---------------------+------------------------+---------------------------
  '2023-12-31 17:00:00+00:00' |         1 |                   1 |                      0 |                        1
  '2023-12-31 18:00:00+00:00' |        11 |                   7 |                      2 |                        1
  '2023-12-31 19:00:00+00:00' |         6 |                   6 |                      0 |                        2
  '2023-12-31 20:00:00+00:00' |         1 |                   0 |                      1 |                        0
  '2023-12-31 21:00:00+00:00' |         1 |                   0 |                      1 |                        0
  '2023-12-31 22:00:00+00:00' |        10 |                   7 |                      3 |                        1
  '2023-12-31 23:00:00+00:00' |         3 |                   0 |                      1 |                        0
  '2024-01-01 00:00:00+00:00' |        10 |                   7 |                      1 |                        1
  '2024-01-01 01:00:00+00:00' |         5 |                   0 |                      3 |                        0
  '2024-01-01 02:00:00+00:00' |         1 |                   0 |                      1 |                        0
(10 rows)
> set timezone = 0;
SET
> use default;
SET
> drop database test cascade;
DROP DATABASE
> drop database test_select cascade;
DROP DATABASE
